ï»¿id,name,price,category,link,image,description,source,sub_category
2342,Evo-Stik Multi-purpose PVA adhesive 5L,28.00,Glues & adhesives,https://www.diy.com/departments/evo-stik-multi-purpose-pva-adhesive-5l/5010591115217_BQ.prd,https://media.diy.com/is/image/Kingfisher/evo-stik-multi-purpose-pva-adhesive-5l~5010591115217_01bq?wid=284&hei=284,"This by Evo-Stik is suitable for domestic use.Suitable for CementFeatures and benefitsThis adhesive is ready to use and suitable for a wide range of building jobs. It is a highly effective primer, bonding agent, dustproofer and may also be used as an adhesive.Excellent primer for most building surfacesFor plastering, priming, sealing and dustproofingImproves bond strengthKeep out of reach of children. Use personal protective equipment as requiredStore in dry conditions between 5°C & 25°C",BQ,decorating_supplies
2342,Evo-Stik General Purpose PVA 5L,29.34,Glues & adhesives,https://www.builderdepot.co.uk/evo-stik-general-purpose-pva-5l,"https://www.builderdepot.co.uk/media/catalog/product/L/0/L064598_s_01_764d.jpg?quality=80&bg-color=255,255,255&fit=bounds&height=400&width=400&canvas=400:400","Evo-Stik General Purpose PVA 5L is ready to use and is suitable for a wide range of building jobs. It is a highly effective primer, bonding agent, dustproofer and may also be used as an adhesive. Evo-Stik General Purpose PVA is economical and suitable for interior use in dry service conditions only.Key FeaturesCan be used as a primer to improve adhesion to porous or difficult surfaces prior to plasteringBonds most materials, provided one of the surfaces has a degree of porosity e.g.timber,plywood,blockboard,chipboard,fibreboard,expanded polystyrene, polyurethane foam, brick, concrete,and masonryCan be used as a sealer to reduce dusting of concrete and plaster surfacesImproves bond strength",Builderdepot,decorating_supplies
2342,Evo-Stik White for Life Waterproof Ceramic Wall Tile Adhesive & Grout 5L,27.00,Glues & adhesives,https://www.wickes.co.uk/Evo-Stik-White-for-Life-Waterproof-Ceramic-Wall-Tile-Adhesive+Grout-5L/p/253282,https://media.wickes.co.uk/is/image/wickes/GPID_5000024935_00?$normal$,"EVO-STIK Wall Tile Adhesive and Grout White for Life is a non-slip, ready mixed, easy to apply formulation that both bonds and grouts all types of ceramic wall tiles. With superior mould and stain resistance properties, it's ideal for use in kitchen and bathroom areas subject to frequent and prolonged wetting, including shower walls. Fixes and grouts ceramic tiles directly onto most interior surfaces (such as plaster, plasterboard, brick, plywood and cement renders) provided they are rigid and clean.Ready to use ceramic tile adhesive and Grout White for Life, superior mould and stain resistance Tile directly on to existing tiles Waterproof Suitable for interior use 
		COSHH Sheet 1 - Evo-Stik White for Life Waterproof Ceramic Wall Tile Adhesive & Grout 5L ",Wickes,decorating_supplies
2343,No More Nails White Construction Grab adhesive 280ml,9.82,Glues & adhesives,https://www.diy.com/departments/no-more-nails-white-construction-grab-adhesive-280ml/5010383319021_BQ.prd,https://media.diy.com/is/image/Kingfisher/evo-stik-multi-purpose-pva-adhesive-5l~5010591115217_01bq?wid=284&hei=284,"UniBond No More Nails All Materials Interior & Exterior is a high quality bonding solution for most household jobs. Application: Ensure the surface is clean, free from dust, grease and loose material. Only apply when the temperature is between +5°C to +40°C. Apply to one surface and immediately make the bond. Remove excess immediately with white spirit. Cures in 24hrs.Guarantee - StatutorySuitable for Chipboard, concrete, masonry, plaster & woodStore sealed in a cool, dry place.1. Ensure the surface is clean, free from dust and loose material. 2. Only apply when temperature is between +5°C and +40°C. 3. Apply to one surface and immediately make the bond. 4. Remove excess immediately with white spirit. 5. Cures in 24 hours. 11m of 5mm beadFeatures and benefitsA building and sealing adhesive, which is ideal for building and repairing on a range of materials and applications.It contains a flextec polymer, a Henkel technology that combines the flexibility to bond with outstanding adhesion and resistance to vibration under extreme temperaturesDue to its strong flexible adhesion and high resistance it is suitable for use under extreme conditions inside and outside",BQ,decorating_supplies
2344,Solvite All purpose Wallpaper Adhesive 185g - 10 rolls,5.68,Glues & adhesives,https://www.diy.com/departments/solvite-all-purpose-wallpaper-adhesive-185g-10-rolls/36051_BQ.prd,https://media.diy.com/is/image/Kingfisher/no-more-nails-white-construction-grab-adhesive-280ml~5010383319021_02c_bq?wid=284&hei=284,"This wallpaper adhesive is suitable for normal wallpapers including lining paper, heavy embossed wallpapers, washables, vinyls and blown vinyls and covers 10 rolls on average.Paste application: PaperFeatures and benefitsThis Solvite All Purpose wallpaper has a durable, extra strong formula for long lasting results. It has fast mix properties for quick and easy preparation.Mixes in just 20 seconds and ready to use in just 2 minutes for less effort and a faster jobExtra smooth formula, no nasty lumpsExtra strong formula, ideal for all paste the paper wallpapers",BQ,decorating_supplies
2344,Solvite 185g/10 Rolls All Purpose Wallpaper Adhesive,9.31,Glues & adhesives,https://www.travisperkins.co.uk/high-strength-adhesives/solvite-185g10-rolls-all-purpose-wallpaper-adhesive/p/350007,https://dam-assets.apps.travisperkins.group/x210zr7/GPID_1000428991_IMG_00.jpg?width=300&height=300,N/A,TP,decorating_supplies
2345,Solvite All purpose Wallpaper Adhesive 92g - 5 rolls,4.68,Glues & adhesives,https://www.diy.com/departments/solvite-all-purpose-wallpaper-adhesive-92g-5-rolls/36050_BQ.prd,https://media.diy.com/is/image/Kingfisher/solvite-all-purpose-wallpaper-adhesive-185g-10-rolls~5010305101109_02c_bq?wid=284&hei=284,"This wallpaper adhesive is suitable for normal wallpapers including lining paper, heavy embossed wallpapers, washables, vinyls and blown vinyls and covers 5 rolls on average.Paste the paperFeatures and benefitsThis Solvite All Purpose wallpaper has a durable, extra strong formula for long lasting results. It has fast mix properties for quick and easy preparation.Mixes in just 20 seconds and ready to use in just 2 minutes for less effort and a faster jobExtra smooth formula, no nasty lumpsExtra strong formula, ideal for all paste the paper wallpapers",BQ,decorating_supplies
2346,Evo-Stik Sticks Like White Grab adhesive 290ml,8.00,Glues & adhesives,https://www.diy.com/departments/evo-stik-sticks-like-white-grab-adhesive-290ml/36275_BQ.prd,https://media.diy.com/is/image/Kingfisher/solvite-all-purpose-wallpaper-adhesive-92g-5-rolls~5010305101000_02c_bq?wid=284&hei=284,"EVO-STIK Sticks Like is a high performance grab adhesive that can be used on almost all building materials, even in the wet.Resistant to cracking, moisture, ultraviolet & vibration. WeatherproofStore between +5°C and +25°C and in shaded conditions in original unopened packagingCut off the dome at the top of the cartridge taking care not to damage the thread. Cut the nozzle to the desired width and angle and screw onto the cartridge. Insert the cartridge into a cartridge gun and repeatedly squeeze the trigger until the adhesive appears. Apply parallel beads of adhesive to one of the surfaces, align and bring the surfaces together within 10 minutes. Beads 5mm in diameter are generally sufficient. For close fitting surfaces the bead may be reduced to 3mm diameter. Consult TDS before use.Keep out of reach of childrenFeatures and benefitsThe SM Polymer formulation has a superior bond strength and is both weather-proof and water resistant, making it ideal for interior and exterior use. Available in white and clear, EVO-STIK Sticks Like is solvent free and is unaffected by extreme temperatures and movement.Bonds to wet surfaces and can even be used under waterWill bond most surfaces, even if both are non porousCan be used in extreme weather conditionsExcellent adhesion and initial grabWide service temperature range -40°C to +100°C",BQ,decorating_supplies
2346,Evo-Stik Sticks Like Adhesive 290ml White,7.66,Glues & adhesives,https://www.bradfords.co.uk/evo-stik-sticks-like-adhesive-abp681,https://www.bradfords.co.uk/media/catalog/product/cache/f7c81111a4a19ad296e9f8fd0fc16840/5/b/5b6faa2c7a030f7dae14922bbdc687c7.jpg,"EVO-STIK Sticks Like Adhesive 290ml White is a superior bond strength, all weather grab adhesive that can be used on most building materials. It will even stick to wet surfaces! It will resist extreme temperatures and movement and can be used in both interior and exterior applications. Features & Benefits:   The polymer formula has superior bond strength and is both weather-proof and water resistant, meaning it is perfect for interior and exterior use.  Water-Resistant and will bond most materials, even sticks to wet surfaces.  Weather Proof - resists extreme temperatures and movement.  Low odour.  Can be painted.  Solvent-free MS Polymer.  Available in Clear or White.",Bradfords,decorating_supplies
2346,Evo-Stik Sticks Like Sh*t Adhesive 290ml,7.14,Glues & adhesives,https://www.builderdepot.co.uk/evo-stik-sticks-like-sh*t-adhesive-310ml,"https://www.builderdepot.co.uk/media/catalog/product/L/0/L021224_s_01_2946.jpg?quality=80&bg-color=255,255,255&fit=bounds&height=400&width=400&canvas=400:400","Evo-Stik Sticks Like Sh*t Adhesive 290ml is a high performance, one component, moisture curing adhesive that offers excellent initial grab and a high strength bond. It will bond most surfaces even if both are impervious and can be applied to damp or wet surfaces.Sticks Like Adhesive Clear bonds to most surfaces including; wood, concrete, brick, plaster, glass, ceramics, metals, rigid pvc, grp, insulation boards and foam polystyrene.Key FeaturesExcellent adhesion and initial grabDries to a clear finishCan be used in all weather conditionsWide service temperature range of -40°C to +100°CLow odourSuitable for interior and exterior use   Evo-Stik_Sticks_Like_Sh!t_Adhesive_White_Safety_Data_Sheet (PDF)",Builderdepot,decorating_supplies
2346,Evo-Stik Sls Adhesive Clear - 290ml,9.00,Glues & adhesives,https://www.homebase.co.uk/evo-stik-sls-adhesive-clear-290ml/12816753.html,https://static.thcdn.com/images/xsmall/webp//productimg/original/12816753-7364831945410096.jpg,"Ultimate strength, waterproof grab adhesive",Homebase,decorating_supplies
2346,Evo-Stik Sticks Like Sh*t Turbo All Weather Adhesive 290ml White,9.59,Glues & adhesives,https://www.jewson.co.uk/p/evo-stik-sticks-like-sh-t-turbo-white-LE606785,"https://media.jewson.co.uk/f_auto,q_auto/t_Regular/global/product-images/54979","You must be 18 years old or over to buy this product.The Evo-Stik Sticks Like Sh*t Turbo White is a high-quality grab adhesive based on a silyl modified polymer (SMP) that offers a high bond strength. It is resistant to temperatures up to 100°C and as low as -40°C. It will even adhere to damp surfaces and can be used for sticking a wide range of building materials including vertical bonding of heavy items such as brick, stone, and ceramic tiles. The Evo-Stik is also used in both internally and externally and is suitable for roof tiles, skirting boards, panels, siding materials and plasterboard rails.Features & benefitsResistant to natural weatheringWater resistantHeat resistant as it withstands up to 100 degree CelsiusLow odour which makes it eco friendlyFast setting provides a quick build up strength",Jewson,decorating_supplies
2346,Evo-Stik Sticks Like Sh*t Turbo Grab Adhesive White 290ml,9.59,Glues & adhesives,https://www.screwfix.com/p/evo-stik-sticks-like-sh-t-turbo-grab-adhesive-white-290ml/4072p,https://media.screwfix.com/is/image/ae235/4072P_P?$autoprodblock$=&wid=136&hei=136&dpr=on,"All-weather, high strength interior and exterior grab adhesive. Fast setting and cures in 15 minutes. Resists extreme temperatures and movement. Solvent-free.Solvent-FreePaintable with Most Non-Alkyd Resin-Based PaintsFor Interior & Exterior UseWeatherproofLow OdourWater-ResistantHolds up to 300kgSticks to Wet Surfaces",Screwfix,decorating_supplies
2346,Sticks Like Sh*t 290ml White,7.79,Glues & adhesives,https://www.toolstation.com/sticks-like-sht/p89121,https://cdn.aws.toolstation.com/images/141020-UK/250/85802.jpg,"If you're looking for a high strength adhesive that works well in all weathers, Sticks Like Sh*t is a perfect choice. The versatile grab adhesive bonds two surfaces together, including impervious non-porous materials. It even works on wet surfaces and can withstand a wide temperature range of -40°C to +100°C.The high performance adhesive has an excellent initial grab, so you don't need supports to ensure a proper bond. It doesn't contain any water or solvent, making it ideal for gluing together foam polystyrene sheets. You can clean up the residue with ease using white spirit when it's wet. And, because it's low in odour and dries to a non-hazardous rubber, it's suitable for indoor use too.• Superior strength high tech SM polymer• Weatherproof grab adhesive• Resists extreme temperatures and movement• Sticks to wet surfaces even under water• Solvent free• Coverage: 44m of 3mm diameter bead per cartridge• Touch dry within 30 to 40 minutes• Tensile strength of 1.5 MPa to 1.8 MPa• Good resistance to oil, petrol, chemicals and abrasion• Interior and exterior use• Overpaintable",Toolstation,decorating_supplies
2346,Evo Stik Sticks Like 290ml - White,7.80,Glues & adhesives,https://www.travisperkins.co.uk/filling-and-grab-adhesives/evo-stik-sticks-like-290ml-white/p/345251,https://dam-assets.apps.travisperkins.group/lZaGQ/GPID_1000251398_IMG_00.jpg?width=300&height=300,"Evo-Stik Sticks Like is a high performance, one component, moisture curing adhesive that offers excellent initial grab and a high strength bond.One of the strongest adhesives and can bond most surfacesSuitable for both exterior and interior useCan be used for wood, concrete, brick, plaster, rigid PVC, ceramics, glass, insulation boards, metals, etc.Can be used underwater and for bonding damp surfacesIt will bond most surfaces even if both are impervious and can be applied to damp or wet surfacesCan be over paintedCan be used in extreme weather conditions ranging from -40 deg C to +100 deg CPlease note this is an age restricted item, ID will be required upon collectionView more",TP,decorating_supplies
2347,No More Nails Original White Grab adhesive 280ml,5.00,Glues & adhesives,https://www.diy.com/departments/no-more-nails-original-white-grab-adhesive-280ml/1049661_BQ.prd,https://media.diy.com/is/image/Kingfisher/evo-stik-sticks-like-white-grab-adhesive-290ml~5000403109855_01c_bq?wid=284&hei=284,"This grab adhesive from the No more nails range by UniBond has a 48 hour drying time, and is suitable for use with for all types of wood, brick, concrete, plaster, plasterboard around the interior of your home.Features and benefitsHigh strength adhesive that eliminates the need for nails and screws in many DIY ad repair jobsAdheres to most common building materialsNo More Nails invisible provides unparalleled support for heavier objectsWater clean-upRepositionable bond",BQ,decorating_supplies
2348,Evo-Stik Gripfill Grey Grab adhesive 350ml,2.98,Glues & adhesives,https://www.diy.com/departments/evo-stik-gripfill-grey-grab-adhesive-350ml/36273_BQ.prd,https://media.diy.com/is/image/Kingfisher/no-more-nails-original-white-grab-adhesive-280ml~5010383312848_02c_bq?wid=284&hei=284,"This grab adhesive from the Gripfill range by Evo-Stik has a 24 hour drying time, and is suitable for use with most materials and surfaces around the interior & exterior of your home.Features and benefitsEvo-Stik Gripfill is a solvent-borne, filled rubber resin adhesive, developed to bond a large variety of rigid materials together, regardless of the evenness of the surface. It has a range of uses; in the building of home extensions, caravans and cars.Excellent strength, including on vertical applicationsBonds almost any surface",BQ,decorating_supplies
2348,Evo-Stik Gripfill Adhesive 350ml,3.12,Glues & adhesives,https://www.bradfords.co.uk/evo-stik-gripfill-adhesive-350ml,https://www.bradfords.co.uk/media/catalog/product/cache/f7c81111a4a19ad296e9f8fd0fc16840/6/c/6cb36634d36abfcfe97b54d039e48e72.jpg,"EVO-STIK GRIPFILL™ is a multi-purpose, high-strength gap filling adhesive. It is suitable for interior and exterior use (provided the bond is covered) and is specially formulated to stick a wide range of building materials including wood, plasterboard, tiles, stone, metal, breeze blocks, bricks, ceramic, concrete, UPVC and more. Features & Benefits:   Will bond most building materials.  Superior final bond strength.  Suitable for interior and exterior use.  Can be used on uneven surfaces.  Coverage: Approx. 11m of a 6mm diameter bead per C20 cartridge, or 12m of a 6mm diameter bead per C30 cartridge.",Bradfords,decorating_supplies
2348,Gripfill Adhesive 350ml,2.87,Glues & adhesives,https://www.builderdepot.co.uk/gripfill-adhesive-350ml,"https://www.builderdepot.co.uk/media/catalog/product/L/0/L000897_s_01_0071.jpg?quality=80&bg-color=255,255,255&fit=bounds&height=400&width=400&canvas=400:400","Gripfill Adhesive 350ml is a solvent-borne, filled rubber resin adhesive, developed to bond a large variety of rigid materials together, regardless of the evenness of the surface. Gripfill is specially formulated to bond a largevariety of materials such as;PlywoodBlockboard, chipboard, hardboardLaminated plasticsRigid uPVC and PU insulation materialsMetal sheeting (including aluminium, steel, galvanized iron, tin plate and nonferrous metals) to each other (as long as one surface is porous)Brick, stone, breeze block, sand/cement screeds, concrete, plaster, plasterboard and insulation boardsBonding wall signs, window frames, sink units, fitted furniture (including light fittings) to a variety of surfacesKey FeaturesBonds almost any surfaceExcellent strength including vertical applicationsSuitable for interior and exterior use (provided bond iscovered)    Evo-Stik_Gripfill_Safety_Data_Sheet (PDF)",Builderdepot,decorating_supplies
2348,Evo-Stik Gripfill Adhesive 350ml,3.49,Glues & adhesives,https://www.jewson.co.uk/p/evo-stik-gripfill-adhesive-350ml-CMCLS150,"https://media.jewson.co.uk/f_auto,q_auto/t_Regular/global/product-images/25573","You must be 18 years old or over to buy this product. Evo-Stik Gripfill is a multi-purpose, high-strength gap filling adhesive. It’s suitable for interior and exterior use (provided the bond is covered) and is specially formulated to stick a wide range of building materials including wood, plasterboard, tiles, stone, metal, breeze blocks, bricks, ceramic, concrete, UPVC and more. Thanks to its gap filling qualities, it can even be used on uneven surfaces.Features & benefitsWill bond most building materialsSuperior final bond strengthSuitable for interior and exterior useUp to 12 metres of 6mm bead coverage",Jewson,decorating_supplies
2348,Gripfill  Adhesive 350ml,3.49,Glues & adhesives,https://www.screwfix.com/p/gripfill-adhesive-350ml/10261,https://media.screwfix.com/is/image/ae235/10261_P?$autoprodblock$=&wid=136&hei=136&dpr=on,"Gives excellent adhesion and bonding strength to most solid building materials. Bonds plasterboard, skirting boards, electrical conduit, stone, ferrous and non-ferrous metals.For Interior & Exterior UseExcellent Bonding Strength Even When VerticalNot Water-Resistant",Screwfix,decorating_supplies
2348,Gripfill 350ml,3.49,Glues & adhesives,https://www.toolstation.com/gripfill/p79630,https://cdn.aws.toolstation.com/images/141020-UK/250/96154.jpg,"Need a nail-free fixing solution for uneven surfaces? Gripfill is a multi-purpose adhesive that's handy around the construction site or the home. It's got incredible gap-filling qualities and works on a wide range of building materials. You can apply it on vertical and horizontal surfaces.Gripfill is suitable for indoor and outdoor applications, as long as you cover the bond. It cures quickly and forms a strong bond to ensure a durable, permanent solution. Common uses for the adhesive include bonding of stair nosings and carpet edging strips, as well as for home extension projects. And you won't have any problem with application as the nozzle is part of the tube. Capable bonds include wood, plywood, hardboard, chipboard, laminated plastic, brick, rigid insulation material (except polystyrene), metal, stone, breeze block, ceramics, concrete, sand/cement screeds, plasterboard, cement composite boards and GRP.• Excellent strength• Fast bonding with almost any material• Solvent-based• Application temperature range of +5°C to +25°C• Interior and exterior use• Cut, sand or scrape to remove cured adhesive• Coverage: 12m of 6mm diameter bead per cartridge (normally sufficient for one 2440mm x 1220mm panel)",Toolstation,decorating_supplies
2348,Evo Stik Gripfill 350ml,3.79,Glues & adhesives,https://www.travisperkins.co.uk/filling-and-grab-adhesives/evo-stik-gripfill-350ml/p/799278,https://dam-assets.apps.travisperkins.group/K2aqy/GPID_1000082969_IMG_00.jpeg?width=300&height=300,N/A,TP,decorating_supplies
2349,Solvite Paste the wall Wallpaper Adhesive 237g - 5 rolls,5.48,Glues & adhesives,https://www.diy.com/departments/solvite-paste-the-wall-wallpaper-adhesive-237g-5-rolls/190271_BQ.prd,https://media.diy.com/is/image/Kingfisher/evo-stik-gripfill-grey-grab-adhesive-350ml~5021523186014_01bq?wid=284&hei=284,"This wallpaper adhesive is suitable for paste the wall and non-woven wall coverings and covers 5 rolls on average.Paste application: WallFeatures and benefitsThis wallpaper adhesive has been specially formulated for hanging Paste the Wall wall coverings, eliminating the need for a pasting table and reducing the amount of mess.Mixes in just 20 seconds and ready to use in just 2 minutes for less effort and a faster jobPaste the wall for less messExtra strong formulation",BQ,decorating_supplies
2350,Gorilla White Grab adhesive 290ml,10.50,Glues & adhesives,https://www.diy.com/departments/gorilla-white-grab-adhesive-290ml/1700303_BQ.prd,https://media.diy.com/is/image/Kingfisher/solvite-paste-the-wall-wallpaper-adhesive-237g-5-rolls~5010305004967_02c_bq?wid=284&hei=284,"Gorilla Grab Adhesive is so versatile, it grabs virtually anything. The flexible, gap filling formula provides a heavy duty bond that’ll last.Resistant to cracking. WaterproofKeep only in the original container in a cool, well ventilated place. Keep container closed when not in useCut off the tip of the cartridge above the screw thread. Screw on nozzle and cut the desired bead size. Insert into cartridge gun. Squeeze adhesive on to one surface in a zig-zag pattern. When working on uneven surfaces, use enough adhesive to fill gaps. Best results achieved if applied above 5°C. Within 5 minutes, press surfaces together and hold for 20-60 seconds. Heavy items may require temporary support and mechanical fastening. Full cure achieved in 24 hours.Store away from children and animalsFeatures and benefitsGorilla Grab Adhesive is 100% waterproof and withstands extreme temperatures, meaning you can use it indoors or out, for an extra-tough bond.Easy to Use - Flexible, fast grab formula which bonds virtually anything.Ultra-High Strength - Provides a long-lasting heavy duty bond.Indoor / Outdoor - 100% waterproof formula which withstands extreme heat and cold.Gap Filling - Fills voids with little or no shrinkage.",BQ,decorating_supplies
2350,Gorilla Heavy Duty Grab Adhesive White 290ml,9.49,Glues & adhesives,https://www.builderdepot.co.uk/gorilla-heavy-duty-grab-adhesive-white-290ml,"https://www.builderdepot.co.uk/media/catalog/product/L/0/L062143_s_01_8514.jpg?quality=80&bg-color=255,255,255&fit=bounds&height=400&width=400&canvas=400:400","Gorilla Heavy Duty Grab Adhesive 290ml  is the all-purpose way to bond building materials. Extremely versatile, it grabs and bonds virtually anything instantly. Suitable for use indoors or out, even underwater for an extra-tough bond that will last. Its flexible, easy flow formula means it can even be used for gap filling plus it is paintable.",Builderdepot,decorating_supplies
2350,Evo-Stik Sticks Like Sh*t Turbo All Weather Adhesive 290ml White,9.59,Glues & adhesives,https://www.jewson.co.uk/p/evo-stik-sticks-like-sh-t-turbo-white-LE606785,"https://media.jewson.co.uk/f_auto,q_auto/t_Regular/global/product-images/54979","You must be 18 years old or over to buy this product.The Evo-Stik Sticks Like Sh*t Turbo White is a high-quality grab adhesive based on a silyl modified polymer (SMP) that offers a high bond strength. It is resistant to temperatures up to 100°C and as low as -40°C. It will even adhere to damp surfaces and can be used for sticking a wide range of building materials including vertical bonding of heavy items such as brick, stone, and ceramic tiles. The Evo-Stik is also used in both internally and externally and is suitable for roof tiles, skirting boards, panels, siding materials and plasterboard rails.Features & benefitsResistant to natural weatheringWater resistantHeat resistant as it withstands up to 100 degree CelsiusLow odour which makes it eco friendlyFast setting provides a quick build up strength",Jewson,decorating_supplies
2350,Evo-Stik Sticks Like Sh*t Turbo Grab Adhesive White 290ml,9.59,Glues & adhesives,https://www.screwfix.com/p/evo-stik-sticks-like-sh-t-turbo-grab-adhesive-white-290ml/4072p,https://media.screwfix.com/is/image/ae235/4072P_P?$autoprodblock$=&wid=136&hei=136&dpr=on,"All-weather, high strength interior and exterior grab adhesive. Fast setting and cures in 15 minutes. Resists extreme temperatures and movement. Solvent-free.Solvent-FreePaintable with Most Non-Alkyd Resin-Based PaintsFor Interior & Exterior UseWeatherproofLow OdourWater-ResistantHolds up to 300kgSticks to Wet Surfaces",Screwfix,decorating_supplies
2350,Gorilla Grab Adhesive 290 ml,10.49,Glues & adhesives,https://www.travisperkins.co.uk/filling-and-grab-adhesives/gorilla-grab-adhesive-290-ml/p/763007,https://dam-assets.apps.travisperkins.group/WGZPo/GPID_1000782912_IMG_00.jpg?width=300&height=300,N/A,TP,decorating_supplies
2351,Evo-Stik Impact Spray contact adhesive 200ml,6.68,Glues & adhesives,https://www.diy.com/departments/evo-stik-impact-spray-contact-adhesive-200ml/5010591003125_BQ.prd,https://media.diy.com/is/image/Kingfisher/gorilla-white-grab-adhesive-290ml~5704947002527_02c?wid=284&hei=284,"Suitable for - Wood, glass, carpet, leather & cardFeatures and benefitsContact spray adhesiveNo need for clamping or supportEasy spray applicationMulti purposeWear protective gloves/protective clothing/eye protection/face protection. Avoid breathing vapour/sprayStore in dry conditions between 5°C & 25°C",BQ,decorating_supplies
2352,Soudal Vinyl Flooring Adhesive 1kg,8.00,Glues & adhesives,https://www.diy.com/departments/soudal-vinyl-flooring-adhesive-1kg/5411183002388_BQ.prd,https://media.diy.com/is/image/Kingfisher/evo-stik-impact-spray-contact-adhesive-200ml~5010591003125_01bq?wid=284&hei=284,"Soudal floor covering is a ready-to-use, universal adhesive for bonding floor coverings such as fitted carpeting (with or without foam backing), and linoleum, vinyl and PVC floor covering (with foam backing).Suitable for Vinyl, rubber PVC & carpetCoverage per pack: 400m²Adhesive can be removed with water before it is cured. Cured adhesive must be removed mechanicallyStore in a dry place at temperatures between +5°C and +25 °CApply the adhesive with a trowel (B1 for vinyl/PVC and B2 for carpets with a sackcloth or synthetic backing) on the substrate. Don't apply more adhesive on the substrate as the amount you can handle in the next 20-30 minutesMay produce an allergic reactionFeatures and benefitsReady to useHigh adhesive strengthEasy to applySuitable for use on porous surfaces such as stone, concrete & woodFlexibleCoverage of 400-600g/m²",BQ,decorating_supplies
2352,Soudal  Parquet Flooring Adhesive 1kg,8.99,Glues & adhesives,https://www.screwfix.com/p/soudal-parquet-flooring-adhesive-1kg/425kv,https://media.screwfix.com/is/image/ae235/425KV_P?$autoprodblock$=&wid=136&hei=136&dpr=on,"Ready to use, high-strength, solvent-free dispersion parquet adhesive. Suitable for bonding most common types of parquet onto highly absorbent substrates and also tapis floors on wooden subfloors.Water-Based AdhesiveEasy to Tool",Screwfix,decorating_supplies
2352,Soudal 1KG Floor covering adhesive,8.00,Glues & adhesives,https://www.wickes.co.uk/Soudal-1KG-Floor-covering-adhesive/p/276120,https://media.wickes.co.uk/is/image/wickes/GPID_5000080001_00?$normal$,"High performance, solvent free adhesive for bonding floor coverings onto porous surfaces such as stone, concrete, plaster or wood. Ideal for bonding linoleum flooring and wall to wall carpets with or without foam backing.For bonding of all types of floor covering High adhesive strength Elastic adhesive layer Ideal for porous surfaces Long open time Professional quality Solvent free Easy to tool 
		COSHH Sheet 1 - Soudal 1KG Floor covering adhesive ",Wickes,decorating_supplies
2353,Loctite Power control Gel Superglue 4g,3.63,Glues & adhesives,https://www.diy.com/departments/loctite-power-control-gel-superglue-4g/5010305061175_BQ.prd,https://media.diy.com/is/image/Kingfisher/soudal-vinyl-flooring-adhesive-1kg~5411183002388_01c?wid=284&hei=284,"Loctite Super Glue Power Control Gel - The reliable Super Glue to tackle your household repairs and crafting jobs! Are you looking for a strong adhesive without the mess? This versatile and reliable repair glue is easy to use with its easy grip squeeze bottle and nozzle for pinpoint applications, covering those hard to reach places.Guarantee - StatutorySuitable for Metals, plastics, porcelain, rubber & wood1. Ensure surfaces to be bonded are clean and close fitting. Lightly dampen absorbent surfaces, e.g. broken china. 2. Apply a small quantity to one surface only, immediately press together and hold for 30 secs, then leave undisturbed for at least 10 mins. 3. Replace cap immediately and store uprightStore in a cool, dry placeSee Safety Data SheetFeatures and benefitsThe side squeeze design gives greater control and air-tight storage. It provides instant strength and transparent drying for a range of different materials. The unique rubber-infused gel formula allows high strength powerful bonds that are extremely precise even on flexible materials with no mess or drips. The specially formulated instant adhesive is strong enough to resist impact, shock, vibration and extreme temperature.Fast Bonding - The All Purpose glue bonds materials within 60 seconds, ensuring a fast application for all home repairs. Possible to reposition within 40 secondsSuper Strength - Rubber-infused gel formula for extra-strong and flexible bonds enabling it to withstand heavy loadsMulti-Purpose Glue – This glue is suitable for various materials such as china, leather or rubber and can also be used as a wood glue, metal glue or plastic glue *(except PE/PP)Transparent - Allowing a natural finish on a range of surfaces, achieving a consistently high-quality bond, every time",BQ,decorating_supplies
2354,Loctite Precision max Liquid Superglue 10g,4.72,Glues & adhesives,https://www.diy.com/departments/loctite-precision-max-liquid-superglue-10g/5010305061229_BQ.prd,https://media.diy.com/is/image/Kingfisher/loctite-power-control-gel-superglue-4g~5010305061175_04c_bq?wid=284&hei=284,"Loctite Super Glue Precision Max – Especially suited for precise applications. Are you looking for a glue for those hard to reach places? Do you need a strong adhesive without the mess? This convenient repair glue with its extra-long nozzle is especially suited for precise applications on hard to reach surfaces.Guarantee - StatutorySuitable for Metals, plastics, porcelain, rubber & wood1. Ensure surfaces to be bonded are clean and close fitting. Lightly dampen absorbent surfaces, e.g. broken china. 2. Apply a small quantity to one surface only, immediately press together and hold for 30 secs, then leave undisturbed for at least 10 mins. 3. Replace cap immediately and store uprightStore in a cool, dry placeSee Safety Data SheetFeatures and benefitsProviding instant strength, transparent drying technology and an anti-clog cap, Loctite Super Glue Precision Max ensures durable, long-lasting and invisible repairs with an accurate delivery.Functional design – This strong glue is specially designed for accuracy with an extra-long nozzle for precise applications and even for hard-to-reach placesAll-purpose glue – This glue is suitable for various materials such as china or rubber and can also be used as a wood glue, metal glue, leather glue or plastic* glue *(except PE, PP)Long-lasting – With instant strength in a single drop, Loctite Precision superglue combines cyanoacrylate technology to ensure durability whilst drying transparentlyExtra Strength – Loctite Super Glue is not only water and dishwasher resistant but also shock and temperature resistant and can withstand heavy loads. This proves ideal for use in a range of locations",BQ,decorating_supplies
2355,Gyproc White Coving Adhesive a,14.48,Glues & adhesives,https://www.diy.com/departments/gyproc-white-coving-adhesive-a/5015892886743_BQ.prd,https://media.diy.com/is/image/Kingfisher/loctite-precision-max-liquid-superglue-10g~5010305061229_08c_bq?wid=284&hei=284,"Features and benefitsEnough adhesive to fix 15 linear metresA gypsum based powder adhesive specifically formulated for fixing and filling mitred joints of paper, faced cove and cornice",BQ,decorating_supplies
2356,"Gorilla Wood glue, 1L",10.00,Glues & adhesives,https://www.diy.com/departments/gorilla-wood-glue-1l/5704947001292_BQ.prd,https://media.diy.com/is/image/Kingfisher/gyproc-white-coving-adhesive-a~5015892886743_08c_bq?wid=284&hei=284,"For a strong, fast bond across a variety of wood surfaces, Gorilla Wood Glue is the hard-working, water resistant formula, perfect for indoor and outdoor use.Suitable for WoodResistant to moisture & waterStore in a cool/low-temperature, well-ventilated (dry) place. Keep container closed when not in use. Keep away from frost. Keep away from heat and direct sunlightPrepare - Surfaces should be clean and dry. Apply glue generously to the surface before joining and gripping for 20-30 minutes (parts should fit tightly). In Use - bead can be applied thick or thin using the unique cap. Remove any excess glue with a clean, wet cloth or scrape it off once the glue dries. Allow bond to dry for 24 hours. Clean Up - Remove clear applicator tip to clean out glue build-up. Close cap after use. Store at room temperature. If the glue thickens or separates, shake vigorously until the original consistency is restored.Not recommended for structural or load-bearing applications, or for continuous submersion or below-waterline use. Keep out of reach of childrenFeatures and benefitsGorilla Wood Glue is an easy-to-use, water based PVA adhesive, with a grip time of just 20-30 minutes. It dries a natural wood colour so you’re guaranteed a clean-looking bond line for your projects.Dries natural colour - Dries a natural wood colour for a clean bond lineD3 water resistant - Perfect for indoor and outdoor applicationsAnti-clog cap - Unique cap stops drying out, preventing blockagesShort grip time - Grips in just 20-30 minutes",BQ,decorating_supplies
2356,Gorilla PVA Wood Glue 1L,11.87,Glues & adhesives,https://www.builderdepot.co.uk/gorilla-pva-wood-glue-1l,"https://www.builderdepot.co.uk/media/catalog/product/L/0/L065936_s_01_4297.jpg?quality=80&bg-color=255,255,255&fit=bounds&height=400&width=400&canvas=400:400","Gorilla PVA Wood Glue has a water-resistant formula making it perfect for both indoor and outdoor use. With great hold, this non-toxic glue can be used on various surfaces including hardwood, softwood, and wood composite materials. Key Features Water-resistant formula makes this product great for both indoor and outdoor use Perfect for bonding hardwood, softwood, and wood composite materials Dries a natural colour to give a neat looking finish Has an anti-clog applicator for easy application Can be easily thinned by adding water Only requires a 20 minute clamp time Non-toxic water-based PVA adhesive Strong and durable hold Fast bonding Technical Information Temperature Hold Range: -18 To +66 Degree Celsius Full Cure Time: 24 Hours Clamp Time: 20 Minutes Water Resistance: D3 Pack Quantity: 1 Volume: 1L",Builderdepot,decorating_supplies
2357,Evo-Stik Impact Solvent-based Spray contact adhesive 500ml,11.00,Glues & adhesives,https://www.diy.com/departments/evo-stik-impact-solvent-based-spray-contact-adhesive-500ml/36239_BQ.prd,https://media.diy.com/is/image/Kingfisher/gorilla-wood-glue-1l~5704947001292_01i?wid=284&hei=284,"This Evo-Stik Contact adhesive is ideal for wood, mdf, laminate, metal, rigid pvc, cork, leather, rubber, glass, stone, ceramics etc. Suitable for internal & external surfaces.Suitable for - Wood, glass, carpet, leather & cardFeatures and benefitsSuitable for: For wood, MDF, laminate, metal, rigid PVC, cork, leather, rubber, glass, stone, ceramics etc",BQ,decorating_supplies
2357,Evo-Stik Carpet Spray Adhesive 500ml,8.36,Glues & adhesives,https://www.bradfords.co.uk/evo-stik-carpet-spray-adhesive-500ml,https://www.bradfords.co.uk/media/catalog/product/cache/f7c81111a4a19ad296e9f8fd0fc16840/0/b/0b5d1bea629c1652385266baddfa6aef.jpg,"EVO STIK Carpet Adhesive provides a strong, flexible bond for many applications where a conventional adhesive would be too difficult to apply. Permanent bonding for all types of foam backed carpets, underfelt, carpet tiles, fabrics, cork and felt to a variety of surfaces. It's an easy to use, rapid drying adhesive that’s applied direct from the can using an adjustable spray nozzle. Features & Benefits:  Easy to use and rapid drying.Adjustable nozzle for maximum control.Perfect for fixing loose carpet tiles.For interior use.",Bradfords,decorating_supplies
2357,Evo-Stik Carpet Adhesive Spray 500ml,7.50,Glues & adhesives,https://www.builderdepot.co.uk/evo-stik-carpet-adhesive-spray-500ml,"https://www.builderdepot.co.uk/media/catalog/product/l/0/l014920_s_01_169a.jpg?quality=80&bg-color=255,255,255&fit=bounds&height=400&width=400&canvas=400:400",Evo-Stik Carpet Adhesive Spray 500ml is a medium duty glue suitable for fixing P.U and foam backed carpets.Key FeaturesSprayableApplicationsCarpetCarpet TilesUnderlayPaperFeltCork,Builderdepot,decorating_supplies
2357,Evo-Stik Impact Adhesive Light Amber 500ml,11.99,Glues & adhesives,https://www.screwfix.com/p/evo-stik-impact-adhesive-light-amber-500ml/72928,https://media.screwfix.com/is/image/ae235/72928_P?$autoprodblock$=&wid=136&hei=136&dpr=on,"Suitable for wood, MDF, laminate, metal, rigid PVC, cork and leather. Bonds instantly on contact.",Screwfix,decorating_supplies
2357,Evo Stik Contact Adhesive - 500ml,10.03,Glues & adhesives,https://www.travisperkins.co.uk/high-strength-adhesives/evo-stik-contact-adhesive-500ml/p/850044,https://dam-assets.apps.travisperkins.group/KXN1y/GPID_1000272016_IMG_00.jpeg?width=300&height=300,"Evo-Stik 528 is a general-purpose contact adhesive.Ideal for laminatingHigh initial grabHigh shear strengthGood temperature resistanceIdeal for vertical and overhead surfacesPlease note this is an age restricted item, ID will be required upon collectionView more",TP,decorating_supplies
2358,Evo-Stik PVA adhesive 1L,12.48,Glues & adhesives,https://www.diy.com/departments/evo-stik-pva-adhesive-1l/36287_BQ.prd,https://media.diy.com/is/image/Kingfisher/evo-stik-impact-solvent-based-spray-contact-adhesive-500ml~5000403109473_01c_bq?wid=284&hei=284,This PVA is suitable for use with most materials and surfaces.Features and benefitsPriming 1 Hour. Bonding 24 Hours,BQ,decorating_supplies
2358,Evo-Stik Economy Tile A Wall Waterproof Adhesive & Grout 1ltr White,8.70,Glues & adhesives,https://www.bradfords.co.uk/abp275,https://www.bradfords.co.uk/media/catalog/product/cache/f7c81111a4a19ad296e9f8fd0fc16840/7/a/7a739b4d55374121622db080c7252dd8.jpg,"EVO-STIK Wall Tile Adhesive and Grout Mould Resistance is a ready to use ceramic and mosaic wall tile adhesive. Its mould resistance and waterproof properties make it ideal for use in kitchen and bathroom areas subject to frequent and prolonged wetting, including domestic shower walls. Interior use. Features & Benefits:  Ready mixed adhesive and grout for ceramic tiles and mosaic.Superior mould resistance.Waterproof.Interior use.",Bradfords,decorating_supplies
2358,Evo-Stik Resin 'W' Weatherproof Wood Adhesive,11.70,Glues & adhesives,https://www.builderdepot.co.uk/evo-stik-resin-'w'-weatherproof-wood-adhesive,"https://www.builderdepot.co.uk/media/catalog/product/L/0/L000031_s_01_cb0d.jpg?quality=80&bg-color=255,255,255&fit=bounds&height=400&width=400&canvas=400:400","Evo-Stik Resin 'W' Weatherproof Wood Adhesive is a one-part synthetic resin emulsion adhesive for general bonding of wood assemblies for non-structural applications. It has suitable properties for both internal and protected external use. Resin ‚ÄòW‚Äô Weatherproof Wood Adhesive complies with EN204 type D3 for weatherproofing wood adhesive making it suitable for the assembly of frames for doors, windows and drawers It is suitable for making mortice and tenon, dowelled, and other close fittings standard woodworking joints. It is also suitable for bonding wood veneers and laminated plastics to wood or chipboard cores. May also be used for bonding other materials such as rigid PVC or aluminium edge trim sections to recessed wood.Key FeaturesFast setting, extra strong, interior and exterior adhesive that dries to form a bond stronger than the wood itselfDries to a clear finishSuitable for all wood types   Evo-Stik_Resin_W_Weatherproof_Wood_Adhesive_Safety_Data_Sheet (PDF)",Builderdepot,decorating_supplies
2358,EVO-STIK Mould Resistant Wall Tile Adhesive & Grout Standard,14.00,Glues & adhesives,https://www.homebase.co.uk/evo-stik-mould-resistant-wall-tile-adhesive-grout-standard/13907166.html,https://static.thcdn.com/images/xsmall/webp//productimg/original/13907166-1954976536696350.jpg,"EVO-STIK Wall Tile Adhesive and Grout Mould Resistance is a ready to use ceramic and mosaic wall tile adhesive.Its mould resistance and waterproof properties make it ideal for use in kitchen and bathroom areas subject to frequent and prolonged wetting, including domestic shower walls. Ready mixed adhesive and grout for ceramic tiles and mosaic Superior mould resistance Waterproof Interior use",Homebase,decorating_supplies
2358,Evo-Stik Resin 'W' Weatherproof Wood Adhesive 1L White,19.92,Glues & adhesives,https://www.jewson.co.uk/p/evo-stik-resin-w-weatherproof-wood-adhesive-1-litre-white-CMEVO190,"https://media.jewson.co.uk/f_auto,q_auto/t_Regular/global/product-images/43708",The Evo-Stik Resin 'W' Extra Fast Wood Adhesive 1L is an extra-strong wood adhesive for interior and exterior use. It forms a bond stronger than the wood itself. Suitable to use with all types of wood. Ideal for constructing door and window frames. It dries clear for a seamless finish.Features & benefitsStrong and durable adhesiveSuitable to use with any wood typeDries to a clear finish,Jewson,decorating_supplies
2358,Evo-Stik White for Life Waterproof Ceramic Wall Tile Adhesive & Grout 1L,10.00,Glues & adhesives,https://www.wickes.co.uk/Evo-Stik-White-for-Life-Waterproof-Ceramic-Wall-Tile-Adhesive+Grout-1L/p/253280,https://media.wickes.co.uk/is/image/wickes/GPID_5000024933_00?$normal$,"EVO-STIK Wall Tile Adhesive and Grout White for Life is a non-slip, ready mixed, easy to apply formulation that both bonds and grouts all types of ceramic wall tiles. With superior mould and stain resistance properties, it's ideal for use in kitchen and bathroom areas subject to frequent and prolonged wetting, including shower walls. Fixes and grouts ceramic tiles directly onto most interior surfaces (such as plaster, plasterboard, brick, plywood and cement renders) provided they are rigid and clean.Ready to use ceramic tile adhesive and Grout White for Life, superior mould and stain resistance Tile directly on to existing tiles Waterproof Suitable for interior use 
		COSHH Sheet 1 - Evo-Stik White for Life Waterproof Ceramic Wall Tile Adhesive & Grout 1L ",Wickes,decorating_supplies
2359,Evo-Stik Light amber Carpet Adhesive 500ml,9.00,Glues & adhesives,https://www.diy.com/departments/evo-stik-light-amber-carpet-adhesive-500ml/36257_BQ.prd,https://media.diy.com/is/image/Kingfisher/evo-stik-pva-adhesive-1l~5010591002609_01bq?wid=284&hei=284,"A carpet adhesive from Evo-Stik, ideal for adhering carpets, underfelt & for spot fixing carpet tiles as well as bonding thin polyethylene or polypropylene sheets to floor surfaces.Application method: SprayFeatures and benefitsThis carpet adhesive from Evo-Stik is a rapid drying, solvent borne aerosol adhesive that is quick and easy to apply. The spray nozzle is adjustable for improved accuracy and provides a strong, flexible bond for many applications where a conventional adhesive would be too difficult to apply.Adjustable nozzle for maximum controlSprayable for easy applicationFast setting for a quicker jobSuitable for bonding all types of foam backed carpets, underfelt, carpet tiles, fabrics, cork & felt",BQ,decorating_supplies
2359,Evo-Stik Carpet Spray Adhesive 500ml,8.36,Glues & adhesives,https://www.bradfords.co.uk/evo-stik-carpet-spray-adhesive-500ml,https://www.bradfords.co.uk/media/catalog/product/cache/f7c81111a4a19ad296e9f8fd0fc16840/0/b/0b5d1bea629c1652385266baddfa6aef.jpg,"EVO STIK Carpet Adhesive provides a strong, flexible bond for many applications where a conventional adhesive would be too difficult to apply. Permanent bonding for all types of foam backed carpets, underfelt, carpet tiles, fabrics, cork and felt to a variety of surfaces. It's an easy to use, rapid drying adhesive that’s applied direct from the can using an adjustable spray nozzle. Features & Benefits:  Easy to use and rapid drying.Adjustable nozzle for maximum control.Perfect for fixing loose carpet tiles.For interior use.",Bradfords,decorating_supplies
2359,Evo-Stik Carpet Adhesive Spray 500ml,7.50,Glues & adhesives,https://www.builderdepot.co.uk/evo-stik-carpet-adhesive-spray-500ml,"https://www.builderdepot.co.uk/media/catalog/product/l/0/l014920_s_01_169a.jpg?quality=80&bg-color=255,255,255&fit=bounds&height=400&width=400&canvas=400:400",Evo-Stik Carpet Adhesive Spray 500ml is a medium duty glue suitable for fixing P.U and foam backed carpets.Key FeaturesSprayableApplicationsCarpetCarpet TilesUnderlayPaperFeltCork,Builderdepot,decorating_supplies
2359,Evo-Stik Impact Adhesive Light Amber 500ml,11.99,Glues & adhesives,https://www.screwfix.com/p/evo-stik-impact-adhesive-light-amber-500ml/72928,https://media.screwfix.com/is/image/ae235/72928_P?$autoprodblock$=&wid=136&hei=136&dpr=on,"Suitable for wood, MDF, laminate, metal, rigid PVC, cork and leather. Bonds instantly on contact.",Screwfix,decorating_supplies
2359,Evo Stik Contact Adhesive - 500ml,10.03,Glues & adhesives,https://www.travisperkins.co.uk/high-strength-adhesives/evo-stik-contact-adhesive-500ml/p/850044,https://dam-assets.apps.travisperkins.group/KXN1y/GPID_1000272016_IMG_00.jpeg?width=300&height=300,"Evo-Stik 528 is a general-purpose contact adhesive.Ideal for laminatingHigh initial grabHigh shear strengthGood temperature resistanceIdeal for vertical and overhead surfacesPlease note this is an age restricted item, ID will be required upon collectionView more",TP,decorating_supplies
2360,Diall Coving Adhesive & filler 2.5L,14.46,Glues & adhesives,https://www.diy.com/departments/diall-coving-adhesive-filler-2-5l/257435_BQ.prd,https://media.diy.com/is/image/Kingfisher/evo-stik-light-amber-carpet-adhesive-500ml~5000403101767_01bq?wid=284&hei=284,"This coving adhesive & filler is suitable for all lightweight polystyrene and polyurethane coving, mouldings and ceiling centres.Guarantee - 1 yearFeatures and benefitsGood initial grab, covers up to 25 metres",BQ,decorating_supplies
2361,Roof Pro Black Roofing felt Adhesive 2.5L,19.00,Glues & adhesives,https://www.diy.com/departments/roof-pro-black-roofing-felt-adhesive-2-5l/1169366_BQ.prd,https://media.diy.com/is/image/Kingfisher/diall-coving-adhesive-filler-2-5l~5397007038200_02c_bq?wid=284&hei=284,"Suitable for bonding shed felt, garage & outbuilding underlay & high performance felt underlay to timber, metal & concrete.Guarantee - 1 yearFeatures and benefitsThis roofing felt adhesive from RoofPro is suitable for securing roofing felt to concrete, metal, plywood and OSB3 board.Minimum 24 months life in undamaged, tightly sealed containersIdeal for bonding and lap sealing bituminous roofing feltsCan also be used as a gritting solutionStrong adhesive qualitiesCrack resistantSolvent-based",BQ,decorating_supplies
2361,Everbuild Felt Adhesive 2.5L,24.94,Glues & adhesives,https://www.jewson.co.uk/p/everbuild-felt-adhesive-2-5l-LBSEVB06,"https://media.jewson.co.uk/f_auto,q_auto/t_Regular/global/product-images/90402.01","Everbuild Black Jack 904 Bitumen is a bitumen-based adhesive used to bond roofing felt.Features & benefitsA cold-applied, black, oxidised bitumen-based adhesiveUsed to bond roofing felt to itself, concrete, asphalt, metal, wood and similar surfacesAlso suitable for cold-gritting solutionsHigh bond strengthAlso suitable for gritting",Jewson,decorating_supplies
2362,Evo-Stik Light grey Mirror Adhesive 290ml,7.58,Glues & adhesives,https://www.diy.com/departments/evo-stik-light-grey-mirror-adhesive-290ml/258754_BQ.prd,https://media.diy.com/is/image/Kingfisher/roof-pro-black-roofing-felt-adhesive-2-5l~5060382231473_01c_bq?wid=284&hei=284,"A mirror adhesive from Evo-Stik, ideal for bonding mirror walls in shops, restaurants & gymnasiums.Features and benefitsThis mirror adhesive from Evo-Stik is a specially formulated MS Polymer which is permanently elastic, designed for bonding all sizes of mirror safely. A bonded mirror is safer because there is no risk of large pieces of glass falling, in the event of breakage.Adjustable with high initial grabPermanently elastic for increased durabilitySolvent-free and low odour for a more pleasant jobEasy to apply using a cartridge gun, for less messSlump resisting paste formulaOiled finish Full grain leather upper with Mesh liningRubber outsole, Steel midsole midsole and Reinforced heel",BQ,decorating_supplies
2362,Evo-Stik Sticks Like Adhesive 290ml Clear,7.67,Glues & adhesives,https://www.bradfords.co.uk/evo-stik-sticks-like-adhesive-abp680,https://www.bradfords.co.uk/media/catalog/product/cache/f7c81111a4a19ad296e9f8fd0fc16840/5/9/59c02baeefbba40d8b14be3a41f71172.jpg,"EVO-STIK Sticks Like Adhesive 290ml Clear is a superior bond strength, all weather grab adhesive that can be used on most building materials. It will even stick to wet surfaces! It will resist extreme temperatures and movement and can be used in both interior and exterior applications. Features & Benefits:   The polymer formula has superior bond strength and is both weather-proof and water resistant, meaning it is perfect for interior and exterior use.  Water-Resistant and will bond most materials, even sticks to wet surfaces.  Weather Proof - resists extreme temperatures and movement.  Low odour.  Can be painted.  Solvent-free MS Polymer.  Available in Clear or White.",Bradfords,decorating_supplies
2362,Evo-Stik Mirror Adhesive 290ml,10.74,Glues & adhesives,https://www.builderdepot.co.uk/evo-stik-mirror-adhesive-310ml,"https://www.builderdepot.co.uk/media/catalog/product/L/0/L021223_s_01_0297.jpg?quality=80&bg-color=255,255,255&fit=bounds&height=400&width=400&canvas=400:400","Evo-Stik Mirror Adhesive 290ml is a specially formulated SMP polymer permanently elastic adhesive designed for bonding all sizes of mirror. A bonded mirror is safer because there is no risk of large pieces of glass falling, in the event of breakage. Evo-Stik Mirror Adhesive can be used to bond mirrors to; sound plaster, concrete, wood, doors, ceramic tiles and also sloping walls and ceilings.Key FeaturesStrong bond strengthPermanently elasticSafer than mechanical fixingsAdjustable unlike foam padsSolvent-freeLow odour",Builderdepot,decorating_supplies
2362,Evo-Stik Sls Adhesive Clear - 290ml,9.00,Glues & adhesives,https://www.homebase.co.uk/evo-stik-sls-adhesive-clear-290ml/12816753.html,https://static.thcdn.com/images/xsmall/webp//productimg/original/12816753-7364831945410096.jpg,"Ultimate strength, waterproof grab adhesive",Homebase,decorating_supplies
2362,Evo-Stik Sticks Like Sh*t All Weather Adhesive 290ml Clear,7.79,Glues & adhesives,https://www.jewson.co.uk/p/evo-stik-sticks-like-sh-t-adhesive-translucent-clear-LD663817,"https://media.jewson.co.uk/f_auto,q_auto/t_Regular/global/product-images/43614","You must be 18 years old or over to buy this product. Evo-Stik Sticks Like Sh*t is a high performance grab adhesive that can be used on almost all building materials, even in the wet. The SM Polymer formulation has a superior bond strength and is both weather-proof and water resistant, making it ideal for interior and exterior use.Features & benefitsSuperior bond strengthWater resistantSticks to wet surfacesResists extreme temperatures and movementSuitable for interior and exterior use",Jewson,decorating_supplies
2362,Evo-Stik 'Sticks Like Sh*t' Adhesive 290ml,7.79,Glues & adhesives,https://www.screwfix.com/p/evo-stik-sticks-like-sh-t-adhesive-290ml/22070,https://media.screwfix.com/is/image/ae235/22070_P?$autoprodblock$=&wid=136&hei=136&dpr=on,"Bonds to porous, non-porous and wet surfaces and works underwater.Suitable in All Areas where Resistance is NecessaryHigh Bond StrengthWater-Resistant",Screwfix,decorating_supplies
2363,Solvite All purpose Wallpaper Adhesive 380g - 20 rolls,9.30,Glues & adhesives,https://www.diy.com/departments/solvite-all-purpose-wallpaper-adhesive-380g-20-rolls/36052_BQ.prd,https://media.diy.com/is/image/Kingfisher/evo-stik-light-grey-mirror-adhesive-290ml~5000403101897_01bq?wid=284&hei=284,"This wallpaper adhesive is suitable for normal wallpapers including lining paper, heavy embossed wallpapers, washables, vinyls and blown vinyls and covers 20 rolls on average.Paste application: PaperFeatures and benefitsThis Solvite All Purpose wallpaper has a durable, extra strong formula for long lasting results. It has fast mix properties for quick and easy preparation.Mixes in just 20 seconds and ready to use in just 2 minutes for less effort and a faster jobExtra smooth formula, no nasty lumpsExtra strong formula, ideal for all paste the paper wallpapers",BQ,decorating_supplies
2364,"No More Nails Original White Grab adhesive 840ml, Pack of 3",14.50,Glues & adhesives,https://www.diy.com/departments/no-more-nails-original-white-grab-adhesive-840ml-pack-of-3/1049659_BQ.prd,https://media.diy.com/is/image/Kingfisher/solvite-all-purpose-wallpaper-adhesive-380g-20-rolls~5010305101208_01c_bq?wid=284&hei=284,"This pack of three grab adhesives by UniBond has a 48 hour drying time, and is suitable for use with for all types of wood, brick, concrete, plaster, plasterboard around the interior of your home.Features and benefitsHigh strength adhesive that eliminates the need for nails and screws in many DIY ad repair jobsAdheres to most common building materialsNo More Nails invisible provides unparalleled support for heavier objectsWater clean-upRepositionable bond",BQ,decorating_supplies
2365,No More Nails Original White Grab adhesive 180ml,5.48,Glues & adhesives,https://www.diy.com/departments/no-more-nails-original-white-grab-adhesive-180ml/1049660_BQ.prd,https://media.diy.com/is/image/Kingfisher/no-more-nails-original-white-grab-adhesive-840ml-pack-of-3~5010383313043_03c_bq?wid=284&hei=284,"This grab adhesive by UniBond has a 24 hour drying time, and is suitable for interior bonding of most common building materials on horizontal and vertical surfaces.Features and benefitsHigh strength adhesive that eliminates the need for nails and screws in many DIY and repair jobsAdheres to most common building materialsNo More Nails Invisible provides unparalleled support for heavier objectsWater clean-upRepositionable bondSolvent freeIdeal for fixing skirting boards, coving, polystyrene mouldings, window ledges, coat hooks and many other internal bonding applicationsTouch dry in 10 minutesFor interior bonding of most common building materials including plaster (indoor), concrete, plaster board, gypsum boards, wood materials (e.g. chip boards) and polyurethane rigid-foams",BQ,decorating_supplies
4933,Frogtape Green Masking Tape (L)41.1m (W)24mm,5.58,Tapes,https://www.diy.com/departments/frogtape-green-masking-tape-l-41-1m-w-24mm/109488_BQ.prd,https://media.diy.com/is/image/Kingfisher/frogtape-green-masking-tape-l-41-1m-w-24mm~0075353313503_01bq?wid=284&hei=284,"Perfect for your next painting project, FrogTape® Multi-Surface Painting Tape provides crisp, clean lines.Guarantee - 1 yearEasy tearApply on clean and dry surfaces. It can be applied up to 21 days before you paint (7 days in direct sunlight). For best results remove FrogTape® immediately after paintingFeatures and benefitsIt is treated with exclusive PaintBlock® Technology which prevents the paint from bleeding and produces a crisp, professional paint line.21 Day interior use / 7 day exteriorPremium grade painter’s tape for most common paint applicationsRecommended for use on cured painted walls, wood trim, glass, metal and stone",BQ,decorating_supplies
4934,Diall Beige Masking Tape (L)50m (W)48mm,3.70,Tapes,https://www.diy.com/departments/diall-beige-masking-tape-l-50m-w-48mm/1718562_BQ.prd,https://media.diy.com/is/image/Kingfisher/frogtape-green-masking-tape-l-41-1m-w-24mm~0075353313503_01bq?wid=284&hei=284,"Easy tearFor use on glass, trim, fully cured wood, plasterboard & wallsSingle-sidedNot UV resistantFeatures and benefitsHand tear able",BQ,decorating_supplies
4935,"Diall Beige Masking Tape (L)50m (W)48mm, Pack of 3",8.50,Tapes,https://www.diy.com/departments/diall-beige-masking-tape-l-50m-w-48mm-pack-of-3/5036581094133_BQ.prd,https://media.diy.com/is/image/Kingfisher/diall-beige-masking-tape-l-50m-w-48mm~3663602932512_01bq?wid=284&hei=284,Easy to tear masking tape which leaves a clean finish after removal and no additional tools requiredEasy tearSingle-sidedNot UV resistantFeatures and benefitsLeaves a clean finish after removal,BQ,decorating_supplies
4936,Frogtape Green Masking Tape (L)41.1m (W)36mm,6.68,Tapes,https://www.diy.com/departments/frogtape-green-masking-tape-l-41-1m-w-36mm/109489_BQ.prd,https://media.diy.com/is/image/Kingfisher/diall-beige-masking-tape-l-50m-w-48mm-pack-of-3~5036581094133_01c?wid=284&hei=284,"Perfect for your next painting project, FrogTape® Multi-Surface Painting Tape provides crisp, clean lines.Guarantee - 1 yearEasy tearApply on clean and dry surfaces. It can be applied up to 21 days before you paint (7 days in direct sunlight). For best results remove FrogTape® immediately after paintingFeatures and benefitsIt is treated with exclusive PaintBlock® Technology which prevents the paint from bleeding and produces a crisp, professional paint line.21 Day interior use / 7 day exteriorPremium grade painter’s tape for most common paint applicationsRecommended for use on cured painted walls, wood trim, glass, metal and stone",BQ,decorating_supplies
4936,Shurtape Multi-Surface Masking FrogTape 41.1m x 36mm,8.65,Tapes,https://www.jewson.co.uk/p/shurtape-multi-surface-masking-frogtape-41-1m-x-36mm-TSH31351,"https://media.jewson.co.uk/f_auto,q_auto/t_Regular/global/product-images/62124","Shurtape Multi-Surface Masking FrogTape, is designed for use on cured painted walls, wooden trim, glass and metal. This tape is a super-absorbent polymer which reacts with emulsion paint and immediately gels to form a micro-barrier seal. The product measures 41.10m x 36mm (L x W) and made with paintblock technology. The tape is to be removed instantly after painting for best results and is ideally used for creating stripes and paint effects.Features & benefitsPerfect for multi-surfaces which prevents the paint bleedWeatherproofConsumes less time spent on touch-ups and gives very sharp paint lines",Jewson,decorating_supplies
4937,"Diall Beige Masking Tape (L)50m (W)24mm, Pack of 3",6.50,Tapes,https://www.diy.com/departments/diall-beige-masking-tape-l-50m-w-24mm-pack-of-3/5036581094140_BQ.prd,https://media.diy.com/is/image/Kingfisher/frogtape-green-masking-tape-l-41-1m-w-36mm~0075353313510_01bq?wid=284&hei=284,Easy to tear masking tape which leaves a clean finish after removal and no additional tools requiredEasy tearSingle-sidedNot UV resistantFeatures and benefitsLeaves a clean finish after removal,BQ,decorating_supplies
4938,Frogtape Yellow Masking Tape (L)41.1m (W)36mm,6.64,Tapes,https://www.diy.com/departments/frogtape-yellow-masking-tape-l-41-1m-w-36mm/152706_BQ.prd,https://media.diy.com/is/image/Kingfisher/diall-beige-masking-tape-l-50m-w-24mm-pack-of-3~5036581094140_01c?wid=284&hei=284,"Perfect for your next painting project, FrogTape® Multi-Surface Painting Tape provides crisp, clean lines.Guarantee - 1 yearEasy tearApply on clean and dry delicate surfaces. It can be applied up to 21 days before you paint (7 days in direct sunlight). For best results remove FrogTape® immediately after paintingFeatures and benefitsIt is treated with exclusive PaintBlock® Technology which prevents the paint from bleeding and produces a crisp, professional paint line.Treated with PaintBlock® Technology to give a high performance every time - Keeps Paint Out. Keeps Lines Sharp™Reacts with emulsion paint and instantly gels to form a micro-barrier that seals the edges of the tapeWill remove cleanly from most surfaces for up to 60 days, for best results remove immediately after paintingWith convenient protective canisterFor use on freshly painted surfaces, most wallpapers & newly plastered walls",BQ,decorating_supplies
4938,Shurtape Multi-Surface Masking FrogTape 41.1m x 36mm,8.65,Tapes,https://www.jewson.co.uk/p/shurtape-multi-surface-masking-frogtape-41-1m-x-36mm-TSH31351,"https://media.jewson.co.uk/f_auto,q_auto/t_Regular/global/product-images/62124","Shurtape Multi-Surface Masking FrogTape, is designed for use on cured painted walls, wooden trim, glass and metal. This tape is a super-absorbent polymer which reacts with emulsion paint and immediately gels to form a micro-barrier seal. The product measures 41.10m x 36mm (L x W) and made with paintblock technology. The tape is to be removed instantly after painting for best results and is ideally used for creating stripes and paint effects.Features & benefitsPerfect for multi-surfaces which prevents the paint bleedWeatherproofConsumes less time spent on touch-ups and gives very sharp paint lines",Jewson,decorating_supplies
4939,Frogtape Green Masking Tape (L)41.1m (W)48mm,7.78,Tapes,https://www.diy.com/departments/frogtape-green-masking-tape-l-41-1m-w-48mm/1165839_BQ.prd,https://media.diy.com/is/image/Kingfisher/frogtape-yellow-masking-tape-l-41-1m-w-36mm~0075353313497_01bq?wid=284&hei=284,"Perfect for your next painting project, FrogTape® Multi-Surface Painting Tape provides crisp, clean lines.Guarantee - 1 yearEasy tearFeatures and benefitsIt is treated with exclusive PaintBlock® Technology which prevents the paint from bleeding and produces a crisp, professional paint line.Unique PaintBlock® Technology that prevents paint bleed, leaving clean linesFor use with emulsion paintWith convenient protective canisterFor use on cured painted walls, wood trim, glass & metal",BQ,decorating_supplies
4940,ScotchBlue Blue Masking Tape (L)41m (W)24mm,4.86,Tapes,https://www.diy.com/departments/scotchblue-blue-masking-tape-l-41m-w-24mm/4054596515109_BQ.prd,https://media.diy.com/is/image/Kingfisher/frogtape-green-masking-tape-l-41-1m-w-48mm~0075353313237_01bq?wid=284&hei=284,"Easy tearFeatures and benefitsA universal multi-purpose tape designed for masking a wide range of surfaces. It's UV and water resistant, and adheres consistently to most surfaces without bleeding, ensuring clean lines. It offers residue-free removal up to 14 days after application.Multi-purpose – can be used on most surfacesSuitable for use both indoors and outdoorsMedium adhesionEasy to tear by handRemoves cleanly for up to 14 days",BQ,decorating_supplies
4941,Diall Beige Masking Tape (L)50m (W)24mm,3.10,Tapes,https://www.diy.com/departments/diall-beige-masking-tape-l-50m-w-24mm/1718563_BQ.prd,https://media.diy.com/is/image/Kingfisher/scotchblue-blue-masking-tape-l-41m-w-24mm~4054596515109_01c?wid=284&hei=284,"Easy tearApply on clean surfaces and curved linesFeatures and benefitsHand tear ableFor use on glass, trim, fully cured wood, plasterboard & walls",BQ,decorating_supplies
4941,No Nonsense Masking Tape 50m x 24mm,2.49,Tapes,https://www.screwfix.com/p/no-nonsense-masking-tape-50m-x-24mm/520kh,https://media.screwfix.com/is/image/ae235/520KH_P?$autoprodblock$=&wid=136&hei=136&dpr=on,"General purpose, easy-tear masking tape for a range of DIY applications. Good adhesion on all surfaces and compatible with most common paints. Easy to remove, with no adhesive residue.For Indoor UseMoisture-ResistantSaturated Paper BackingSynthetic Rubber Adhesive",Screwfix,decorating_supplies
4942,Diall Fibreglass White Joining Tape (L)90m (W)50mm,6.07,Tapes,https://www.diy.com/departments/diall-fibreglass-white-joining-tape-l-90m-w-50mm/1876144_BQ.prd,https://media.diy.com/is/image/Kingfisher/diall-beige-masking-tape-l-50m-w-24mm~3663602932505_01bq?wid=284&hei=284,Suitable for: JointingFeatures and benefitsStrong mesh tape that helps reinforce plaster coating and protects it from cracking.The tape is perfectly designed to be used between plasterboards on a flat surface,BQ,decorating_supplies
4942,Diall  Fibreglass Mesh Tape White 90m x 50mm,4.49,Tapes,https://www.screwfix.com/p/diall-fibreglass-mesh-tape-white-90m-x-50mm/626cf,https://media.screwfix.com/is/image/ae235/626CF_P?$autoprodblock$=&wid=136&hei=136&dpr=on,Strong fibreglass mesh tape that helps reinforce plaster coating and protects it from cracking. Designed to be used for plasterboard internal corners.90m x 50mmCorrosion-ResistantOdourless & Solvented,Screwfix,decorating_supplies
4943,Frogtape Orange Masking Tape (L)41.1m (W)24mm,5.54,Tapes,https://www.diy.com/departments/frogtape-orange-masking-tape-l-41-1m-w-24mm/909838_BQ.prd,https://media.diy.com/is/image/Kingfisher/diall-fibreglass-white-joining-tape-l-90m-w-50mm~3663602887164_01bq?wid=284&hei=284,"Guarantee - 1 yearEasy tearApply on clean and dry surfaces. It can be applied up to 21 days before you paint (7 days in direct sunlight). For best results remove FrogTape® immediately after paintingFeatures and benefitsTreated with PaintBlock® Technology to give a high performance every time - Keeps Paint Out. Keeps Lines Sharp™For use with water based gloss & satin paintsComes with convenient protective canisterSuitable for untreated, painted or varnished wood or wood derivativesRecommended for wood",BQ,decorating_supplies
4944,Frogtape Yellow Masking Tape (L)41.1m (W)24mm,5.54,Tapes,https://www.diy.com/departments/frogtape-yellow-masking-tape-l-41-1m-w-24mm/152707_BQ.prd,https://media.diy.com/is/image/Kingfisher/frogtape-orange-masking-tape-l-41-1m-w-24mm~0075353313428_01bq?wid=284&hei=284,"Perfect for your next painting project, FrogTape® Multi-Surface Painting Tape provides crisp, clean lines.Guarantee - 1 yearEasy tearApply on clean and dry delicate surfaces. It can be applied up to 21 days before you paint (7 days in direct sunlight). For best results remove FrogTape® immediately after paintingFeatures and benefitsIt is treated with exclusive PaintBlock® Technology which prevents the paint from bleeding and produces a crisp, professional paint line. Designed to work on delicate surfaces such as fresh paint, wallpaper and decorative projects, perfect for when you need a lower adhesion level to help prevent surface damage.Treated with PaintBlock® Technology to give a high performance every time - Keeps Paint Out. Keeps Lines Sharp™Reacts with emulsion paint and instantly gels to form a micro-barrier that seals the edges of the tapeWill remove cleanly from most surfaces for up to 60 days, for best results remove immediately after paintingWith convenient protective canisterCutting width (mm) - 190 mm18 V / 2.5 Ah Lithium-ion",BQ,decorating_supplies
4945,Diall White Double-sided Tape (L)25m (W)50mm,7.38,Tapes,https://www.diy.com/departments/diall-white-double-sided-tape-l-25m-w-50mm/1638445_BQ.prd,https://media.diy.com/is/image/Kingfisher/frogtape-yellow-masking-tape-l-41-1m-w-24mm~0075353313480_01bq?wid=284&hei=284,"Guarantee - 1 yearNot easy tearKeep the surface clean, dry and free from dust and greaseSuitable for CarpetsFeatures and benefitsIdeal for smooth, flat surfaces",BQ,decorating_supplies
4945,Diall Double-Sided Tape White 25m x 50mm,7.99,Tapes,https://www.screwfix.com/p/diall-double-sided-tape-white-25m-x-50mm/8538v,https://media.screwfix.com/is/image/ae235/8538V_P?$autoprodblock$=&wid=136&hei=136&dpr=on,"Double-sided tape that can be applied to irregular surfaces and for permanent fixing. Suitable for use in cars, machines or houses.",Screwfix,decorating_supplies
4946,Diall Black & yellow Tape (L)33m (W)50mm,2.00,Tapes,https://www.diy.com/departments/diall-black-yellow-tape-l-33m-w-50mm/5059340046822_BQ.prd,https://media.diy.com/is/image/Kingfisher/diall-white-double-sided-tape-l-25m-w-50mm~3663602932192_01bq?wid=284&hei=284,"Marking tape which is highly visible, ensuring the marked area will be seen. Easy to tear for your convenienceNot easy tearGuarantee - 1 yearAbrasion resistantSingle-sidedMarkingFeatures and benefitsEnsures the marked area can be seen clearly with a black & yellow designSuitable for Marking",BQ,decorating_supplies
4946,Diall Marking Tape Black / Yellow 33m x 50mm,3.99,Tapes,https://www.screwfix.com/p/diall-marking-tape-black-yellow-33m-x-50mm/269jj,https://media.screwfix.com/is/image/ae235/269JJ_P?$autoprodblock$=&wid=136&hei=136&dpr=on,"Highly visible, ensuring the marked area will be seen. Easy to tear.Non-Anti-SlipEasy to ApplySuitable for External Doors33m x 50mmBlack & Yellow Striped TapeFor Internal & External UseHighly Visible",Screwfix,decorating_supplies
4947,Scotch Brown Packing Tape (L)66m (W)48mm,6.00,Tapes,https://www.diy.com/departments/scotch-brown-packing-tape-l-66m-w-48mm/3104739131411_BQ.prd,https://media.diy.com/is/image/Kingfisher/diall-black-yellow-tape-l-33m-w-50mm~5059340046822_01c?wid=284&hei=284,Scotch® Strong Packaging Tape Brown is the perfect packing tape for reliably sealing of light to medium-weight cartons.Guarantee - StatutorySingle-sidedSuitable for Carton boxesFeatures and benefitsThe tape unrolls evenly and noise-free and provides a highly reliable sealThe adhesive coating and backing material are solvent-free,BQ,decorating_supplies
4948,"ScotchBlue Blue Masking Tape (L)41m (W)48mm, Pack of 3",17.60,Tapes,https://www.diy.com/departments/scotchblue-blue-masking-tape-l-41m-w-48mm-pack-of-3/4054596721999_BQ.prd,https://media.diy.com/is/image/Kingfisher/scotch-brown-packing-tape-l-66m-w-48mm~3104739131411_08c?wid=284&hei=284,"Easy tearFeatures and benefitsA universal multi-purpose tape designed for masking a wide range of surfaces. It's UV and water resistant, and adheres consistently to most surfaces without bleeding, ensuring clean lines. It offers residue-free removal up to 14 days after application.Multi-purpose – can be used on most surfacesSuitable for use both indoors and outdoorsMedium adhesionEasy to tear by handRemoves cleanly for up to 14 days",BQ,decorating_supplies
4949,Gorilla Waterproof Patch & Seal Tape (L)3m (W)101.6mm,18.50,Tapes,https://www.diy.com/departments/gorilla-waterproof-patch-seal-tape-l-3m-w-101-6mm/5704947006235_BQ.prd,https://media.diy.com/is/image/Kingfisher/scotchblue-blue-masking-tape-l-41m-w-48mm-pack-of-3~4054596721999_01c_bq?wid=284&hei=284,"Gorilla Waterproof Patch & Seal Tape is the extra-strong adhesive tape designed to patch holes, cracks, gaps and tears. The rubberised, UV-resistant backing can be flexed and stretched during application to adapt to the surface.For best results, apply the tape to a clean surface at room temperature. Keep liner on tape and cut tape to desired size. Tape size should be larger than the repair area. Remove the release liner and place tape over the repair area. Tape cannot be repositioned once applied. Rub firmly across entire surface of tape to secure it to the repair area.Suitable for FlashingFeatures and benefitsSuitable for hot, cold, wet and dry conditions, Gorilla Waterproof Patch & Seal Tape forms a permanent bond which is 100% waterproof and airtight. Great for: roofing, window frames, gutters, drainage pipes, tarpaulin, caravans and trailers, camping, pond liners, paddling pools and inflatables!""Works in Extreme Conditions – Withstands wet, dry, hot or cold conditions.Airtight and 100% Waterproof - Perfect for patching holes, cracks, gaps and tears.UV Resistant - Won’t be affected by direct sunlight.Flex and Stretch - Mould and shape to fit uneven surfaces.",BQ,decorating_supplies
4950,Gorilla Black Mounting Tape (L)1.5m (W)25.4mm,9.98,Tapes,https://www.diy.com/departments/gorilla-black-mounting-tape-l-1-5m-w-25-4mm/5704947003562_BQ.prd,https://media.diy.com/is/image/Kingfisher/gorilla-waterproof-patch-seal-tape-l-3m-w-101-6mm~5704947006235_02c?wid=284&hei=284,"Gorilla Heavy Duty Mounting Tape provides a quick and easy solution for mounting without traditional fasteners. This is a double-sided tape which delivers an instant, heavy duty bond to both rough and smooth surfaces.For best results surfaces must be flat, clean and dry. Tape should be applied at temperatures of at least 10c. Ensure depth of object does not exceed 19mm. Apply tape to back of object vertically, allowing for even distribution of weight. Cut tape and press to secure tape to object. Remove clear liner and align object to desired placement. Press firmly for 60 seconds as Gorilla Mounting Tape conforms to the surface and creates a strong, permanent bond.Suitable for Attachment & bondingFeatures and benefitsThis tough tape is weatherproof and temperature resistant, making it ideal for indoor and outdoor use.Double Sided Tape - Coated with adhesive on both sides for easy mounting.Instant Hold - Delivers a fast, easy, permanent bond.High Strength – Delivers a heavy duty bond on both smooth and rough surfaces.Weatherproof Bond – Water and temperature resistant bond that’s perfect for indoor and outdoor use.Grips Rough And Smooth SurfacesWeather resistant",BQ,decorating_supplies
4951,Gyproc Fibatape xtreme Fibreglass Orange Joining Tape (L)90m (W)48mm,10.93,Tapes,https://www.diy.com/departments/gyproc-fibatape-xtreme-fibreglass-orange-joining-tape-l-90m-w-48mm/898483_BQ.prd,https://media.diy.com/is/image/Kingfisher/gorilla-black-mounting-tape-l-1-5m-w-25-4mm~5704947003562_02c?wid=284&hei=284,Suitable for: Jointing,BQ,decorating_supplies
4951,Gyproc Fibatape Classic Drywall Tape - 90m x 48mm,10.00,Tapes,https://www.homebase.co.uk/gyproc-fibatape-classic-drywall-tape-90m-x-48mm/12807269.html,https://static.thcdn.com/images/xsmall/webp//productimg/original/12807269-1074831907278176.jpg,This self-adhesive drywall tape is designed to secure both tapered and square edge plasterboard joints. Superior fiberglass mesh tape Faster jointing when compared to paper tape Open fabric avoids blistering and bubbles Self-adhesive for easy application,Homebase,decorating_supplies
4951,Gyproc FibaTape Xtreme 90m x 48mm Orange,7.19,Tapes,https://www.jewson.co.uk/p/gyproc-fibatape-xtreme-90m-x-48mm-orange-ATX72381,"https://media.jewson.co.uk/f_auto,q_auto/t_Regular/global/product-images/62771","Gyproc fibretape extreme 90m x 48mm Orange is formulated with increased glue, to enhance performance in high temperatures. Its open fabric structure prevents blisters and bubbles and wont rip and tear during application.Features & benefitsCE MarkedBlisters and bubbles prevents due to open fabricSecured humid or cold environments due to increased glue",Jewson,decorating_supplies
4952,"Diall Aluminium & fibreglass Grey Repair Tape (L)0.2m (W)200mm, Pack of 2",10.80,Tapes,https://www.diy.com/departments/diall-aluminium-fibreglass-grey-repair-tape-l-0-2m-w-200mm-pack-of-2/1832482_BQ.prd,https://media.diy.com/is/image/Kingfisher/gyproc-fibatape-xtreme-fibreglass-orange-joining-tape-l-90m-w-48mm~5015892865205_02c_bq?wid=284&hei=284,"This pack of self adhesive repair patches has been specially designed for making repairs prior to texturing and finishing, with their aluminium & fibreglass construction.Features and benefitsThis repair patch is designed for flat joints and repairs in small and damaged areas prior to texturing and finishing.The open fibreglass strong mesh eliminates blisters and bubblesEnsures easy application and reduces plastering time since it requires no pre-plasteringIdeal for common everyday damage to interior walls and ceilings including cracks and holes",BQ,decorating_supplies
4953,SELIT Aluminium Silver Joining Tape (L)50m (W)50mm,5.90,Tapes,https://www.diy.com/departments/selit-aluminium-silver-joining-tape-l-50m-w-50mm/226869_BQ.prd,https://media.diy.com/is/image/Kingfisher/diall-aluminium-fibreglass-grey-repair-tape-l-0-2m-w-200mm-pack-of-2~3663602887201_01bq?wid=284&hei=284,"SELITstop® Aluminium-Foil Sealing Tape is the perfect addition to a vapour barrier to keep rising residual moisture away from your floor.For joining Selitac laminate underlayFeatures and benefitsIt can be used to seal joints and gaps so that they are vapour-tight. The tape also is ideal for securing installed insulation underlays, preventing them from shifting.",BQ,decorating_supplies
4954,Scotch Yellow Double-sided Tape (L)25m (W)48mm,10.00,Tapes,https://www.diy.com/departments/scotch-yellow-double-sided-tape-l-25m-w-48mm/1714889_BQ.prd,https://media.diy.com/is/image/Kingfisher/selit-aluminium-silver-joining-tape-l-50m-w-50mm~4002245701618_03c_bq?wid=284&hei=284,Guarantee - StatutoryEasy tearMust be applied on a dry and clean surfaceSuitable for CarpetsFeatures and benefitsSolvent-free adhesive coatingHand tearableScotch carpet adhesive tape is an environmentally friendly productBonds immediately & holds permanently,BQ,decorating_supplies
4955,Gorilla Crystal clear Tape (L)8.2m (W)50mm,9.98,Tapes,https://www.diy.com/departments/gorilla-crystal-clear-tape-l-8-2m-w-50mm/1162446_BQ.prd,https://media.diy.com/is/image/Kingfisher/scotch-yellow-double-sided-tape-l-25m-w-48mm~3104739160954_01bq?wid=284&hei=284,"Gorilla Tape Crystal Clear is incredibly strong and perfect for virtually invisible repairs. This tape forms a flexible, airtight seal, perfect for a wide range of applications both indoors and out.Easy tearSurfaces should be clean, dry and free of dirt, grease and oil. Airtight patches are best achieved on smooth, dry surfaces with tape on both sides of the repair where possible. Gorilla Tape Crystal Clear can be neatly ripped by hand. Tape size should be larger than repair area. Apply tape and rub into surface to achieve best results.Suitable for SealingFeatures and benefitsHand tearable with an ultra-strong adhesive layer, Gorilla Tape Crystal Clear is perfect for professionals, DIY, crafting and everyday uses. You can seal paddling pools, repair camping equipment, phone screens and much more!Incredibly Versatile - perfect for professionals, DIY, crafting and everyday users.Easy to Use - Flexible tape can easily be torn by hand.Flexible, Airtight and 100% Waterproof - perfect for a wide range of applications both indoors and out.High Strength - Gorilla strength in a crystal clear tape which sticks to rough, smooth and uneven surfaces.Flexible and long lastingSuitable for bonding wood, metals, ceramics, paper, leather, rubber & most plasticsSandable and paintable",BQ,decorating_supplies
4956,Diall Aluminium Joining Tape (L)45m (W)100mm,9.00,Tapes,https://www.diy.com/departments/diall-aluminium-joining-tape-l-45m-w-100mm/3663602932314_BQ.prd,https://media.diy.com/is/image/Kingfisher/gorilla-crystal-clear-tape-l-8-2m-w-50mm~5704947001728_02c?wid=284&hei=284,Helps in assembling insulation panels.Guarantee - 1 yearSingle-sidedSuitable for: Jointing,BQ,decorating_supplies
5029,"QEP Tile Sealant, 1L",16.20,Tile sealants,https://www.diy.com/departments/qep-tile-sealant-1l/655760_BQ.prd,https://media.diy.com/is/image/Kingfisher/qep-tile-sealant-1l~5011204615315_08c_bq?wid=284&hei=284,Seal your tiles with this tile sealant. Simply apply with a lint free cloth and wait for 4 hours to dry.Clean fully prior to application,BQ,decorating_supplies
5030,"QEP Stone Floor Sealant, 1L",17.81,Tile sealants,https://www.diy.com/departments/qep-stone-floor-sealant-1l/655795_BQ.prd,https://media.diy.com/is/image/Kingfisher/qep-tile-sealant-1l~5011204615315_08c_bq?wid=284&hei=284,Seal your tiles with this colour enhancing tile sealant. Simply apply with a lint free cloth and wait for 4 hours to dry.Suitable for StoneClean fully prior to application,BQ,decorating_supplies
5031,"QEP Stone Tile Sealant, 500ml",25.00,Tile sealants,https://www.diy.com/departments/qep-stone-tile-sealant-500ml/670575_BQ.prd,https://media.diy.com/is/image/Kingfisher/qep-stone-floor-sealant-1l~5011204615407_08c_bq?wid=284&hei=284,Seal your tiles with this tile sealant. Simply apply with a lint free cloth and wait for 4 hours to dry.Suitable for StoneClean fully prior to application,BQ,decorating_supplies
