product,price,category,link,image
SupaGrow Peat Free Organic Garden Compost - 50L,£5.00,Lawn & Plant Care Deals,https://www.homebase.co.uk/supagrow-peat-free-organic-garden-compost-50l/12906252.html,https://static.thcdn.com/images/xsmall/webp//productimg/original/12906252-6824925414474274.jpg
Homebase Top Soil - 25L,£4.00,Lawn & Plant Care Deals,https://www.homebase.co.uk/homebase-top-soil-25l/12834306.html,https://static.thcdn.com/images/xsmall/webp//productimg/original/12834306-1544941052622667.jpg
Landscape Bark - 90L Bag,£12.00,Lawn & Plant Care Deals,https://www.homebase.co.uk/landscape-bark-90l-bag/12891200.html,https://static.thcdn.com/images/xsmall/webp//productimg/original/12891200-2044871080774824.jpg
Homebase Peat Free Multi-Purpose Compost - 50L,£7.00,Lawn & Plant Care Deals,https://www.homebase.co.uk/homebase-peat-free-multi-purpose-compost-50l/12834297.html,https://static.thcdn.com/images/xsmall/webp//productimg/original/12834297-3164926272010279.jpg
SupaGrow Farmyard Manure - 50L,£5.00,Lawn & Plant Care Deals,https://www.homebase.co.uk/supagrow-farmyard-manure-50l/13308230.html,https://static.thcdn.com/images/xsmall/webp//productimg/original/13308230-1184918742042727.jpg
Seed And Cutting Tray - 40 Pots,£7.00,Lawn & Plant Care Deals,https://www.homebase.co.uk/seed-and-cutting-tray-40-pots/12813210.html,https://static.thcdn.com/images/xsmall/webp//productimg/original/12813210-1784955474645157.jpg
Homebase Bark Chips - 50L,£7.00,Lawn & Plant Care Deals,https://www.homebase.co.uk/homebase-bark-chips-50l/12834302.html,https://static.thcdn.com/images/xsmall/webp//productimg/original/12834302-1274938895162173.jpg
Plantpak 40 Cell Seed Tray Insert (Pack of 4),£4.00,Lawn & Plant Care Deals,https://www.homebase.co.uk/plantpak-40-cell-seed-tray-insert-pack-of-4/12813078.html,https://static.thcdn.com/images/xsmall/webp//productimg/original/12813078-7414955477342391.jpg
Seed Trays (Pack of 5),£4.00,Lawn & Plant Care Deals,https://www.homebase.co.uk/seed-trays-pack-of-5/12813215.html,https://static.thcdn.com/images/xsmall/webp//productimg/original/12813215-6874955307925215.jpg
Gro-Sure Farmyard Manure - 50L,£8.00,Lawn & Plant Care Deals,https://www.homebase.co.uk/gro-sure-farmyard-manure-50l/12807364.html,https://static.thcdn.com/images/xsmall/webp//productimg/original/12807364-7014869971285772.jpg
Cell Seed Tray Inserts,£4.00,Lawn & Plant Care Deals,https://www.homebase.co.uk/cell-seed-tray-inserts/12813080.html,https://static.thcdn.com/images/xsmall/webp//productimg/original/12813080-8164955477340108.jpg
Homebase Peat Free Shrub Rose Tree Compost - 50L,£9.00,Lawn & Plant Care Deals,https://www.homebase.co.uk/homebase-peat-free-shrub-rose-tree-compost-50l/13280765.html,https://static.thcdn.com/images/xsmall/webp//productimg/original/13280765-7074926296734731.jpg
New Horizon Peat Free Tomato Planter Medium - 35L,£8.00,Lawn & Plant Care Deals,https://www.homebase.co.uk/new-horizon-peat-free-tomato-planter-medium-35l/12890133.html,https://static.thcdn.com/images/xsmall/webp//productimg/original/12890133-4034905996400599.jpg
Westland Ericaceous Planting & Potting Mix - 50L,£9.00,Lawn & Plant Care Deals,https://www.homebase.co.uk/westland-ericaceous-planting-potting-mix-50l/13280773.html,https://static.thcdn.com/images/xsmall/webp//productimg/original/13280773-5104927596997935.jpg
Homebase Peat Free Container & Basket Compost - 50L,£9.00,Lawn & Plant Care Deals,https://www.homebase.co.uk/homebase-peat-free-container-basket-compost-50l/13280767.html,https://static.thcdn.com/images/xsmall/webp//productimg/original/13280767-3344926296357103.jpg
Westland Top Soil,£5.00,Lawn & Plant Care Deals,https://www.homebase.co.uk/westland-top-soil/13280768.html,https://static.thcdn.com/images/xsmall/webp//productimg/original/13280768-1394971590626257.jpg
New Horizon Peat Free All Plant Compost - 50L,£9.00,Lawn & Plant Care Deals,https://www.homebase.co.uk/new-horizon-peat-free-all-plant-compost-50l/12886069.html,https://static.thcdn.com/images/xsmall/webp//productimg/original/12886069-5024871078994015.jpg
New Horizon Peat Free All Veg Compost - 50L,£9.00,Lawn & Plant Care Deals,https://www.homebase.co.uk/new-horizon-peat-free-all-veg-compost-50l/12823481.html,https://static.thcdn.com/images/xsmall/webp//productimg/original/12823481-7714869971285502.jpg
Westland Gardener's Multi-Purpose Compost,£9.00,Lawn & Plant Care Deals,https://www.homebase.co.uk/westland-gardener-s-multi-purpose-compost/13280771.html,https://static.thcdn.com/images/xsmall/webp//productimg/original/13280771-1474954736891751.jpg
Tomorite® Peat Free Organic Planter,£8.00,Lawn & Plant Care Deals,https://www.homebase.co.uk/tomorite-peat-free-organic-planter/13308211.html,https://static.thcdn.com/images/xsmall/webp//productimg/original/13308211-2054922626199598.jpg
Westland Rustic Wood Chips - 60L,£9.00,Lawn & Plant Care Deals,https://www.homebase.co.uk/westland-rustic-wood-chips-60l/13280769.html,https://static.thcdn.com/images/xsmall/webp//productimg/original/13280769-1164929084794955.jpg
Homebase Soft Grip Gardening Gloves - Large,£3.00,"Plants, Seeds & Bulbs Deals",https://www.homebase.co.uk/homebase-soft-grip-gardening-gloves-large/12834249.html,https://static.thcdn.com/images/xsmall/webp//productimg/original/12834249-8554831955851635.jpg
Empathy Mini Meadow Seeds 10 sq.m,£4.50,"Plants, Seeds & Bulbs Deals",https://www.homebase.co.uk/empathy-mini-meadow-seeds-10-sq.m/13478325.html,https://static.thcdn.com/images/xsmall/webp//productimg/original/13478325-2134929068699418.jpg
Homebase Soft Grip Gardening Gloves - Medium,£3.00,"Plants, Seeds & Bulbs Deals",https://www.homebase.co.uk/homebase-soft-grip-gardening-gloves-medium/12834247.html,https://static.thcdn.com/images/xsmall/webp//productimg/original/12834247-1304831955769984.jpg
Homebase Soft Grip Gardening Gloves - Small,£3.00,"Plants, Seeds & Bulbs Deals",https://www.homebase.co.uk/homebase-soft-grip-gardening-gloves-small/12834248.html,https://static.thcdn.com/images/xsmall/webp//productimg/original/12834248-2134831955701887.jpg
Rhs Flowers For Wildlife Cool Mix,£7.00,"Plants, Seeds & Bulbs Deals",https://www.homebase.co.uk/rhs-flowers-for-wildlife-cool-mix/12888758.html,https://static.thcdn.com/images/xsmall/webp//productimg/original/12888758-1424843675228275.jpg
Empathy Mini Meadow Seeds 3 sq.m,£7.00,"Plants, Seeds & Bulbs Deals",https://www.homebase.co.uk/empathy-mini-meadow-seeds-3-sq.m/13478323.html,https://static.thcdn.com/images/xsmall/webp//productimg/original/13478323-4134929068700141.jpg
Evergreen Border 3m  x 40cm,£80.00,"Plants, Seeds & Bulbs Deals",https://www.homebase.co.uk/evergreen-border-3m-x-40cm/13096625.html,https://static.thcdn.com/images/xsmall/webp//productimg/original/13096625-2164924177339497.jpg
Bee and Butterfly Border 3m x 40cm,£80.00,"Plants, Seeds & Bulbs Deals",https://www.homebase.co.uk/bee-and-butterfly-border-3m-x-40cm/13096633.html,https://static.thcdn.com/images/xsmall/webp//productimg/original/13096633-1684924177360023.jpg
Bee and Butterfly Border Collection - 7m x 90cm,£280.00,"Plants, Seeds & Bulbs Deals",https://www.homebase.co.uk/bee-and-butterfly-border-collection-7m-x-90cm/12806825.html,https://static.thcdn.com/images/xsmall/webp//productimg/original/12806825-1674831917768036.jpg
Shady Border 5m x 40cm,£116.00,"Plants, Seeds & Bulbs Deals",https://www.homebase.co.uk/shady-border-5m-x-40cm/12823467.html,https://static.thcdn.com/images/xsmall/webp//productimg/original/12823467-1474831956625866.jpg
Mediterranean Border Collection - 4m x 60cm,£152.00,"Plants, Seeds & Bulbs Deals",https://www.homebase.co.uk/mediterranean-border-collection-4m-x-60cm/12811459.html,https://static.thcdn.com/images/xsmall/webp//productimg/original/12811459-1944831952089197.jpg
Sunny Border Collection - 3m x 90cm,£136.00,"Plants, Seeds & Bulbs Deals",https://www.homebase.co.uk/sunny-border-collection-3m-x-90cm/12811320.html,https://static.thcdn.com/images/xsmall/webp//productimg/original/12811320-9554831969059675.jpg
Evergreen Border 5m x 40cm,£116.00,"Plants, Seeds & Bulbs Deals",https://www.homebase.co.uk/evergreen-border-5m-x-40cm/12823315.html,https://static.thcdn.com/images/xsmall/webp//productimg/original/12823315-1124831959646107.jpg
Shady Border Collection - 3m x 60cm,£120.00,"Plants, Seeds & Bulbs Deals",https://www.homebase.co.uk/shady-border-collection-3m-x-60cm/12811345.html,https://static.thcdn.com/images/xsmall/webp//productimg/original/12811345-1664831958927175.jpg
Garden on a Roll Eco Border - 8m x 90cm,£324.00,"Plants, Seeds & Bulbs Deals",https://www.homebase.co.uk/garden-on-a-roll-eco-border-8m-x-90cm/12837996.html,https://static.thcdn.com/images/xsmall/webp//productimg/original/12837996-1884942334897484.jpg
Garden on a Roll Eco Border - 7m x 90cm,£288.00,"Plants, Seeds & Bulbs Deals",https://www.homebase.co.uk/garden-on-a-roll-eco-border-7m-x-90cm/12837995.html,https://static.thcdn.com/images/xsmall/webp//productimg/original/12837995-1334942334883219.jpg
Garden on a Roll Eco Border - 8m x 120cm,£380.00,"Plants, Seeds & Bulbs Deals",https://www.homebase.co.uk/garden-on-a-roll-eco-border-8m-x-120cm/12838161.html,https://static.thcdn.com/images/xsmall/webp//productimg/original/12838161-2024889962580673.jpg
Garden on a Roll Eco Border - 9m x 120cm,£420.00,"Plants, Seeds & Bulbs Deals",https://www.homebase.co.uk/garden-on-a-roll-eco-border-9m-x-120cm/12838165.html,https://static.thcdn.com/images/xsmall/webp//productimg/original/12838165-1764942335157455.jpg
Garden on a Roll Eco Border - 10m x 120cm,£464.00,"Plants, Seeds & Bulbs Deals",https://www.homebase.co.uk/garden-on-a-roll-eco-border-10m-x-120cm/12838167.html,https://static.thcdn.com/images/xsmall/webp//productimg/original/12838167-3854942335160137.jpg
Shady Border 10m X 120cm,£452.00,"Plants, Seeds & Bulbs Deals",https://www.homebase.co.uk/shady-border-10m-x-120cm/12827313.html,https://static.thcdn.com/images/xsmall/webp//productimg/original/12827313-5074831941790011.jpg
Mediterranean Border 4m X 120cm,£220.00,"Plants, Seeds & Bulbs Deals",https://www.homebase.co.uk/mediterranean-border-4m-x-120cm/12827476.html,https://static.thcdn.com/images/xsmall/webp//productimg/original/12827476-1444831941650607.jpg
Bee and Butterfly Border 2m X 120cm,£140.00,"Plants, Seeds & Bulbs Deals",https://www.homebase.co.uk/bee-and-butterfly-border-2m-x-120cm/12827492.html,https://static.thcdn.com/images/xsmall/webp//productimg/original/12827492-9774831952506773.jpg
Bee and Butterfly Border 5m X 120cm,£260.00,"Plants, Seeds & Bulbs Deals",https://www.homebase.co.uk/bee-and-butterfly-border-5m-x-120cm/12827604.html,https://static.thcdn.com/images/xsmall/webp//productimg/original/12827604-8154831946736870.jpg
Bee and Butterfly Border 8m X 120cm,£380.00,"Plants, Seeds & Bulbs Deals",https://www.homebase.co.uk/bee-and-butterfly-border-8m-x-120cm/12827606.html,https://static.thcdn.com/images/xsmall/webp//productimg/original/12827606-1414831960718544.jpg
Bee and Butterfly Border 6m X 120cm,£300.00,"Plants, Seeds & Bulbs Deals",https://www.homebase.co.uk/bee-and-butterfly-border-6m-x-120cm/12827608.html,https://static.thcdn.com/images/xsmall/webp//productimg/original/12827608-3494831946770665.jpg
Bee and Butterfly Border 7m X 120cm,£340.00,"Plants, Seeds & Bulbs Deals",https://www.homebase.co.uk/bee-and-butterfly-border-7m-x-120cm/12827610.html,https://static.thcdn.com/images/xsmall/webp//productimg/original/12827610-2104831960655121.jpg
Sensory Themed Border 8m X 120cm,£380.00,"Plants, Seeds & Bulbs Deals",https://www.homebase.co.uk/sensory-themed-border-8m-x-120cm/12827618.html,https://static.thcdn.com/images/xsmall/webp//productimg/original/12827618-1234831964153337.jpg
Bee and Butterfly Border 4m X 120cm,£220.00,"Plants, Seeds & Bulbs Deals",https://www.homebase.co.uk/bee-and-butterfly-border-4m-x-120cm/12827605.html,https://static.thcdn.com/images/xsmall/webp//productimg/original/12827605-1244831940467740.jpg
Sensory Themed Border 2m X 120cm,£140.00,"Plants, Seeds & Bulbs Deals",https://www.homebase.co.uk/sensory-themed-border-2m-x-120cm/12827612.html,https://static.thcdn.com/images/xsmall/webp//productimg/original/12827612-7814831960426425.jpg
Sensory Themed Border 3m X 120cm,£180.00,"Plants, Seeds & Bulbs Deals",https://www.homebase.co.uk/sensory-themed-border-3m-x-120cm/12827611.html,https://static.thcdn.com/images/xsmall/webp//productimg/original/12827611-1344831956293115.jpg
Sensory Themed Border 7m X 120cm,£340.00,"Plants, Seeds & Bulbs Deals",https://www.homebase.co.uk/sensory-themed-border-7m-x-120cm/12827616.html,https://static.thcdn.com/images/xsmall/webp//productimg/original/12827616-2124831964234532.jpg
Bee and Butterfly Border 9m X 120cm,£416.00,"Plants, Seeds & Bulbs Deals",https://www.homebase.co.uk/bee-and-butterfly-border-9m-x-120cm/12827609.html,https://static.thcdn.com/images/xsmall/webp//productimg/original/12827609-1984831960685424.jpg
Sensory Themed Border 4m X 120cm,£220.00,"Plants, Seeds & Bulbs Deals",https://www.homebase.co.uk/sensory-themed-border-4m-x-120cm/12827613.html,https://static.thcdn.com/images/xsmall/webp//productimg/original/12827613-1354831960278318.jpg
Sensory Themed Border 5m X 120cm,£260.00,"Plants, Seeds & Bulbs Deals",https://www.homebase.co.uk/sensory-themed-border-5m-x-120cm/12827614.html,https://static.thcdn.com/images/xsmall/webp//productimg/original/12827614-3084831960241064.jpg
Sensory Themed Border 6m X 120cm,£300.00,"Plants, Seeds & Bulbs Deals",https://www.homebase.co.uk/sensory-themed-border-6m-x-120cm/12827617.html,https://static.thcdn.com/images/xsmall/webp//productimg/original/12827617-1644831964187519.jpg
Sensory Themed Border 10m X 120cm,£452.00,"Plants, Seeds & Bulbs Deals",https://www.homebase.co.uk/sensory-themed-border-10m-x-120cm/12827622.html,https://static.thcdn.com/images/xsmall/webp//productimg/original/12827622-5224831964026950.jpg
Sensory Themed Border 9m X 120cm,£416.00,"Plants, Seeds & Bulbs Deals",https://www.homebase.co.uk/sensory-themed-border-9m-x-120cm/12827620.html,https://static.thcdn.com/images/xsmall/webp//productimg/original/12827620-6074831964117520.jpg
Sensory Border 3m x 40cm,£80.00,"Plants, Seeds & Bulbs Deals",https://www.homebase.co.uk/sensory-border-3m-x-40cm/13096635.html,https://static.thcdn.com/images/xsmall/webp//productimg/original/13096635-1574924177584621.jpg
Sensory Border 4m X 40cm,£100.00,"Plants, Seeds & Bulbs Deals",https://www.homebase.co.uk/sensory-border-4m-x-40cm/12827231.html,https://static.thcdn.com/images/xsmall/webp//productimg/original/12827231-1424831957030299.jpg
Sensory Border 5m X 40cm,£116.00,"Plants, Seeds & Bulbs Deals",https://www.homebase.co.uk/sensory-border-5m-x-40cm/12827228.html,https://static.thcdn.com/images/xsmall/webp//productimg/original/12827228-1864831956997749.jpg
Sensory Border 7m X 40cm,£148.00,"Plants, Seeds & Bulbs Deals",https://www.homebase.co.uk/sensory-border-7m-x-40cm/12827229.html,https://static.thcdn.com/images/xsmall/webp//productimg/original/12827229-1034831954969917.jpg
Sensory Border 9m x 40cm,£180.00,"Plants, Seeds & Bulbs Deals",https://www.homebase.co.uk/sensory-border-9m-x-40cm/12827219.html,https://static.thcdn.com/images/xsmall/webp//productimg/original/12827219-6834831954801596.jpg
Bee and Butterfly Border Collection - 4m x 60cm,£152.00,"Plants, Seeds & Bulbs Deals",https://www.homebase.co.uk/bee-and-butterfly-border-collection-4m-x-60cm/12811624.html,https://static.thcdn.com/images/xsmall/webp//productimg/original/12811624-1924831918885758.jpg
Bee and Butterfly Border Collection - 5m x 60cm,£184.00,"Plants, Seeds & Bulbs Deals",https://www.homebase.co.uk/bee-and-butterfly-border-collection-5m-x-60cm/12811626.html,https://static.thcdn.com/images/xsmall/webp//productimg/original/12811626-1464831918841769.jpg
Bee and Butterfly Border Collection - 3m x 60cm,£120.00,"Plants, Seeds & Bulbs Deals",https://www.homebase.co.uk/bee-and-butterfly-border-collection-3m-x-60cm/12811620.html,https://static.thcdn.com/images/xsmall/webp//productimg/original/12811620-9574831918393239.jpg
Bee and Butterfly Border Collection - 6m x 60cm,£208.00,"Plants, Seeds & Bulbs Deals",https://www.homebase.co.uk/bee-and-butterfly-border-collection-6m-x-60cm/12811632.html,https://static.thcdn.com/images/xsmall/webp//productimg/original/12811632-9784831918800315.jpg
Bee and Butterfly Border Collection - 10m x 60cm,£324.00,"Plants, Seeds & Bulbs Deals",https://www.homebase.co.uk/bee-and-butterfly-border-collection-10m-x-60cm/12811644.html,https://static.thcdn.com/images/xsmall/webp//productimg/original/12811644-2054831918749861.jpg
Bee and Butterfly Border Collection - 8m x 60cm,£268.00,"Plants, Seeds & Bulbs Deals",https://www.homebase.co.uk/bee-and-butterfly-border-collection-8m-x-60cm/12811636.html,https://static.thcdn.com/images/xsmall/webp//productimg/original/12811636-1574831918633968.jpg
Bee and Butterfly Border Collection - 4m x 90cm,£172.00,"Plants, Seeds & Bulbs Deals",https://www.homebase.co.uk/bee-and-butterfly-border-collection-4m-x-90cm/12806761.html,https://static.thcdn.com/images/xsmall/webp//productimg/original/12806761-4724831917164490.jpg
Bee and Butterfly Border Collection - 3m x 90cm,£136.00,"Plants, Seeds & Bulbs Deals",https://www.homebase.co.uk/bee-and-butterfly-border-collection-3m-x-90cm/12811653.html,https://static.thcdn.com/images/xsmall/webp//productimg/original/12811653-1364831917322569.jpg
Sensory Border Collection - 7m x 60cm,£240.00,"Plants, Seeds & Bulbs Deals",https://www.homebase.co.uk/sensory-border-collection-7m-x-60cm/12806843.html,https://static.thcdn.com/images/xsmall/webp//productimg/original/12806843-1344831917716685.jpg
Sensory Border Collection - 5m x 60cm,£184.00,"Plants, Seeds & Bulbs Deals",https://www.homebase.co.uk/sensory-border-collection-5m-x-60cm/12806841.html,https://static.thcdn.com/images/xsmall/webp//productimg/original/12806841-2614831917974016.jpg
Bee and Butterfly Border Collection - 9m x 60cm,£296.00,"Plants, Seeds & Bulbs Deals",https://www.homebase.co.uk/bee-and-butterfly-border-collection-9m-x-60cm/12811641.html,https://static.thcdn.com/images/xsmall/webp//productimg/original/12811641-1694831918875837.jpg
Evergreen Border Collection - 10m x 90cm,£376.00,"Plants, Seeds & Bulbs Deals",https://www.homebase.co.uk/evergreen-border-collection-10m-x-90cm/12811594.html,https://static.thcdn.com/images/xsmall/webp//productimg/original/12811594-7254831918493118.jpg
Bee and Butterfly Border Collection - 7m x 60cm,£240.00,"Plants, Seeds & Bulbs Deals",https://www.homebase.co.uk/bee-and-butterfly-border-collection-7m-x-60cm/12811637.html,https://static.thcdn.com/images/xsmall/webp//productimg/original/12811637-9254831918749846.jpg
Bee and Butterfly Border Collection - 5m x 90cm,£208.00,"Plants, Seeds & Bulbs Deals",https://www.homebase.co.uk/bee-and-butterfly-border-collection-5m-x-90cm/12806772.html,https://static.thcdn.com/images/xsmall/webp//productimg/original/12806772-1154831917192729.jpg
Bee and Butterfly Border Collection - 6m x 90cm,£252.00,"Plants, Seeds & Bulbs Deals",https://www.homebase.co.uk/bee-and-butterfly-border-collection-6m-x-90cm/12806774.html,https://static.thcdn.com/images/xsmall/webp//productimg/original/12806774-1634831917807279.jpg
Bee and Butterfly Border Collection - 8m x 90cm,£312.00,"Plants, Seeds & Bulbs Deals",https://www.homebase.co.uk/bee-and-butterfly-border-collection-8m-x-90cm/12806823.html,https://static.thcdn.com/images/xsmall/webp//productimg/original/12806823-5434831917648162.jpg
Bee and Butterfly Border Collection - 9m x 90cm,£344.00,"Plants, Seeds & Bulbs Deals",https://www.homebase.co.uk/bee-and-butterfly-border-collection-9m-x-90cm/12806826.html,https://static.thcdn.com/images/xsmall/webp//productimg/original/12806826-7174831917357594.jpg
Bee and Butterfly Border Collection - 10m x 90cm,£376.00,"Plants, Seeds & Bulbs Deals",https://www.homebase.co.uk/bee-and-butterfly-border-collection-10m-x-90cm/12806830.html,https://static.thcdn.com/images/xsmall/webp//productimg/original/12806830-8324831917925062.jpg
Spear & Jackson Razorsharp Bypass Secateurs,£7.45,Garden Tools Deals,https://www.homebase.co.uk/spear-jackson-razorsharp-bypass-secateurs/12810686.html,https://static.thcdn.com/images/xsmall/webp//productimg/original/12810686-2034831884747492.jpg
Kärcher K3 Power Control Pressure Washer,£139.00,Garden Tools Deals,https://www.homebase.co.uk/karcher-k3-power-control-pressure-washer/12881613.html,https://static.thcdn.com/images/xsmall/webp//productimg/original/12881613-1314846155700473.jpg
Spear & Jackson Razorsharp Telescopic Tree Pruner,£27.50,Garden Tools Deals,https://www.homebase.co.uk/spear-jackson-razorsharp-telescopic-tree-pruner/12892093.html,https://static.thcdn.com/images/xsmall/webp//productimg/original/12892093-1685000629577079.jpg
Spear & Jackson Razorsharp Medium Anvil Secateurs,£7.45,Garden Tools Deals,https://www.homebase.co.uk/spear-jackson-razorsharp-medium-anvil-secateurs/12810690.html,https://static.thcdn.com/images/xsmall/webp//productimg/original/12810690-1444831885347681.jpg
Bosch Rotak 34-13 Rotary Lawn Mower,£109.00,Garden Tools Deals,https://www.homebase.co.uk/bosch-rotak-34-13-rotary-lawn-mower/12809318.html,https://static.thcdn.com/images/xsmall/webp//productimg/original/12809318-1214831970142303.jpg
Kärcher T 5 Racer Patio Cleaner,£69.45,Garden Tools Deals,https://www.homebase.co.uk/karcher-t-5-racer-patio-cleaner/12836025.html,https://static.thcdn.com/images/xsmall/webp//productimg/original/12836025-3664831955689431.jpg
Powerbase 2800W Quiet Shredder,£125.00,Garden Tools Deals,https://www.homebase.co.uk/powerbase-2800w-quiet-shredder/12882293.html,https://static.thcdn.com/images/xsmall/webp//productimg/original/12882293-1394843579991622.jpg
Spear & Jackson Razorsharp Fixed Blade Pruning Saw - 22.5cm,£11.00,Garden Tools Deals,https://www.homebase.co.uk/spear-jackson-razorsharp-fixed-blade-pruning-saw-22.5cm/12834578.html,https://static.thcdn.com/images/xsmall/webp//productimg/original/12834578-1414831957653381.jpg
Decorative Aggregates Blue Slate - 17kg,£4.50,"Fencing, Decking & Landscaping Deals",https://www.homebase.co.uk/decorative-aggregates-blue-slate-17kg/12812557.html,https://static.thcdn.com/images/xsmall/webp//productimg/original/12812557-1964831884194379.jpg
Dec Aggs Cotswold Buff 10-20mm - 17kg,£4.50,"Fencing, Decking & Landscaping Deals",https://www.homebase.co.uk/dec-aggs-cotswold-buff-10-20mm-17kg/12890400.html,https://static.thcdn.com/images/xsmall/webp//productimg/original/12890400-1564850062228521.jpg
Decorative Aggregates Plum Slate - 17kg,£4.50,"Fencing, Decking & Landscaping Deals",https://www.homebase.co.uk/decorative-aggregates-plum-slate-17kg/12823982.html,https://static.thcdn.com/images/xsmall/webp//productimg/original/12823982-2074831907233209.jpg
Artificial Grass Rubber Tile - 0.3m,£9.45,"Fencing, Decking & Landscaping Deals",https://www.homebase.co.uk/artificial-grass-rubber-tile-0.3m/12834188.html,https://static.thcdn.com/images/xsmall/webp//productimg/original/12834188-6274831953977325.jpg
Toomax Stora Way Plus XL 1270L Garden Storage Box - Anthracite,£145.00,Garden & Outdoor Sale,https://www.homebase.co.uk/toomax-stora-way-plus-xl-1270l-garden-storage-box-anthracite/13456931.html,https://static.thcdn.com/images/xsmall/webp//productimg/original/13456931-1524912725718926.jpg
Kärcher K3 Power Control Pressure Washer,£139.00,Garden & Outdoor Sale,https://www.homebase.co.uk/karcher-k3-power-control-pressure-washer/12881613.html,https://static.thcdn.com/images/xsmall/webp//productimg/original/12881613-1314846155700473.jpg
Bosch Rotak 34-13 Rotary Lawn Mower,£109.00,Garden & Outdoor Sale,https://www.homebase.co.uk/bosch-rotak-34-13-rotary-lawn-mower/12809318.html,https://static.thcdn.com/images/xsmall/webp//productimg/original/12809318-1214831970142303.jpg
SupaGrow Peat Free Organic Garden Compost - 50L,£5.00,Garden & Outdoor Sale,https://www.homebase.co.uk/supagrow-peat-free-organic-garden-compost-50l/12906252.html,https://static.thcdn.com/images/xsmall/webp//productimg/original/12906252-6824925414474274.jpg
Homebase Peat Free Multi-Purpose Compost - 50L,£7.00,Garden & Outdoor Sale,https://www.homebase.co.uk/homebase-peat-free-multi-purpose-compost-50l/12834297.html,https://static.thcdn.com/images/xsmall/webp//productimg/original/12834297-3164926272010279.jpg
Shire Haddon Summerhouse - 7 x 5ft,£740.00,Garden & Outdoor Sale,https://www.homebase.co.uk/shire-haddon-summerhouse-7-x-5ft/12887154.html,https://static.thcdn.com/images/xsmall/webp//productimg/original/12887154-9464843280868240.jpg
Shire Lumley Summerhouse - 7 x 5ft,£760.00,Garden & Outdoor Sale,https://www.homebase.co.uk/shire-lumley-summerhouse-7-x-5ft/12887157.html,https://static.thcdn.com/images/xsmall/webp//productimg/original/12887157-1604843284548247.jpg
Shire Tool Store Overlap - 3x2ft,£185.00,Garden & Outdoor Sale,https://www.homebase.co.uk/shire-tool-store-overlap-3x2ft/12887191.html,https://static.thcdn.com/images/xsmall/webp//productimg/original/12887191-3454851580534941.jpg
Homebase Top Soil - 25L,£4.00,Garden & Outdoor Sale,https://www.homebase.co.uk/homebase-top-soil-25l/12834306.html,https://static.thcdn.com/images/xsmall/webp//productimg/original/12834306-1544941052622667.jpg
Landscape Bark - 90L Bag,£12.00,Garden & Outdoor Sale,https://www.homebase.co.uk/landscape-bark-90l-bag/12891200.html,https://static.thcdn.com/images/xsmall/webp//productimg/original/12891200-2044871080774824.jpg
Propagator Set,£4.00,Garden & Outdoor Sale,https://www.homebase.co.uk/propagator-set/12813212.html,https://static.thcdn.com/images/xsmall/webp//productimg/original/12813212-8024955307924282.jpg
SupaGrow Farmyard Manure - 50L,£5.00,Garden & Outdoor Sale,https://www.homebase.co.uk/supagrow-farmyard-manure-50l/13308230.html,https://static.thcdn.com/images/xsmall/webp//productimg/original/13308230-1184918742042727.jpg
Seed And Cutting Tray - 40 Pots,£7.00,Garden & Outdoor Sale,https://www.homebase.co.uk/seed-and-cutting-tray-40-pots/12813210.html,https://static.thcdn.com/images/xsmall/webp//productimg/original/12813210-1784955474645157.jpg
Homebase Bark Chips - 50L,£7.00,Garden & Outdoor Sale,https://www.homebase.co.uk/homebase-bark-chips-50l/12834302.html,https://static.thcdn.com/images/xsmall/webp//productimg/original/12834302-1274938895162173.jpg
Spear & Jackson Razorsharp Bypass Secateurs,£7.45,Garden & Outdoor Sale,https://www.homebase.co.uk/spear-jackson-razorsharp-bypass-secateurs/12810686.html,https://static.thcdn.com/images/xsmall/webp//productimg/original/12810686-2034831884747492.jpg
Gro-Sure Seed and Cutting Compost - 20L,£7.00,Garden & Outdoor Sale,https://www.homebase.co.uk/gro-sure-seed-and-cutting-compost-20l/12883642.html,https://static.thcdn.com/images/xsmall/webp//productimg/original/12883642-1554871079266946.jpg
Decorative Aggregates Blue Slate - 17kg,£4.50,Garden & Outdoor Sale,https://www.homebase.co.uk/decorative-aggregates-blue-slate-17kg/12812557.html,https://static.thcdn.com/images/xsmall/webp//productimg/original/12812557-1964831884194379.jpg
Plantpak 40 Cell Seed Tray Insert (Pack of 4),£4.00,Garden & Outdoor Sale,https://www.homebase.co.uk/plantpak-40-cell-seed-tray-insert-pack-of-4/12813078.html,https://static.thcdn.com/images/xsmall/webp//productimg/original/12813078-7414955477342391.jpg
Seed Trays (Pack of 5),£4.00,Garden & Outdoor Sale,https://www.homebase.co.uk/seed-trays-pack-of-5/12813215.html,https://static.thcdn.com/images/xsmall/webp//productimg/original/12813215-6874955307925215.jpg
Gro-Sure Farmyard Manure - 50L,£8.00,Garden & Outdoor Sale,https://www.homebase.co.uk/gro-sure-farmyard-manure-50l/12807364.html,https://static.thcdn.com/images/xsmall/webp//productimg/original/12807364-7014869971285772.jpg
Empathy Mini Meadow Seeds 10 sq.m,£4.50,Garden & Outdoor Sale,https://www.homebase.co.uk/empathy-mini-meadow-seeds-10-sq.m/13478325.html,https://static.thcdn.com/images/xsmall/webp//productimg/original/13478325-2134929068699418.jpg
Homebase Soft Grip Gardening Gloves - Large,£3.00,Garden & Outdoor Sale,https://www.homebase.co.uk/homebase-soft-grip-gardening-gloves-large/12834249.html,https://static.thcdn.com/images/xsmall/webp//productimg/original/12834249-8554831955851635.jpg
Cell Seed Tray Inserts,£4.00,Garden & Outdoor Sale,https://www.homebase.co.uk/cell-seed-tray-inserts/12813080.html,https://static.thcdn.com/images/xsmall/webp//productimg/original/12813080-8164955477340108.jpg
Homebase Soft Grip Gardening Gloves - Medium,£3.00,Garden & Outdoor Sale,https://www.homebase.co.uk/homebase-soft-grip-gardening-gloves-medium/12834247.html,https://static.thcdn.com/images/xsmall/webp//productimg/original/12834247-1304831955769984.jpg
Homebase Peat Free Shrub Rose Tree Compost - 50L,£9.00,Garden & Outdoor Sale,https://www.homebase.co.uk/homebase-peat-free-shrub-rose-tree-compost-50l/13280765.html,https://static.thcdn.com/images/xsmall/webp//productimg/original/13280765-7074926296734731.jpg
New Horizon Peat Free Tomato Planter Medium - 35L,£8.00,Garden & Outdoor Sale,https://www.homebase.co.uk/new-horizon-peat-free-tomato-planter-medium-35l/12890133.html,https://static.thcdn.com/images/xsmall/webp//productimg/original/12890133-4034905996400599.jpg
Sparky RUF Heat Logs - 10 Pack,£8.95,Garden & Outdoor Sale,https://www.homebase.co.uk/sparky-ruf-heat-logs-10-pack/13225834.html,https://static.thcdn.com/images/xsmall/webp//productimg/original/13225834-5984893057262374.jpg
Dec Aggs Cotswold Buff 10-20mm - 17kg,£4.50,Garden & Outdoor Sale,https://www.homebase.co.uk/dec-aggs-cotswold-buff-10-20mm-17kg/12890400.html,https://static.thcdn.com/images/xsmall/webp//productimg/original/12890400-1564850062228521.jpg
Westland Ericaceous Planting & Potting Mix - 50L,£9.00,Garden & Outdoor Sale,https://www.homebase.co.uk/westland-ericaceous-planting-potting-mix-50l/13280773.html,https://static.thcdn.com/images/xsmall/webp//productimg/original/13280773-5104927596997935.jpg
John Innes Peat Free No 3 Mature Plant Compost,£8.00,Garden & Outdoor Sale,https://www.homebase.co.uk/john-innes-peat-free-no-3-mature-plant-compost/14013779.html,https://static.thcdn.com/images/xsmall/webp//productimg/original/14013779-4005003754297396.jpg
Decorative Aggregates Plum Slate - 17kg,£4.50,Garden & Outdoor Sale,https://www.homebase.co.uk/decorative-aggregates-plum-slate-17kg/12823982.html,https://static.thcdn.com/images/xsmall/webp//productimg/original/12823982-2074831907233209.jpg
Spear & Jackson Razorsharp Telescopic Tree Pruner,£27.50,Garden & Outdoor Sale,https://www.homebase.co.uk/spear-jackson-razorsharp-telescopic-tree-pruner/12892093.html,https://static.thcdn.com/images/xsmall/webp//productimg/original/12892093-1685000629577079.jpg
Sparky Round Heat Logs - 4 Pack,£8.95,Garden & Outdoor Sale,https://www.homebase.co.uk/sparky-round-heat-logs-4-pack/13225833.html,https://static.thcdn.com/images/xsmall/webp//productimg/original/13225833-1664893057262194.jpg
Homebase Peat Free Container & Basket Compost - 50L,£9.00,Garden & Outdoor Sale,https://www.homebase.co.uk/homebase-peat-free-container-basket-compost-50l/13280767.html,https://static.thcdn.com/images/xsmall/webp//productimg/original/13280767-3344926296357103.jpg
Homebase Soft Grip Gardening Gloves - Small,£3.00,Garden & Outdoor Sale,https://www.homebase.co.uk/homebase-soft-grip-gardening-gloves-small/12834248.html,https://static.thcdn.com/images/xsmall/webp//productimg/original/12834248-2134831955701887.jpg
Westland Top Soil,£5.00,Garden & Outdoor Sale,https://www.homebase.co.uk/westland-top-soil/13280768.html,https://static.thcdn.com/images/xsmall/webp//productimg/original/13280768-1394971590626257.jpg
Spear & Jackson Razorsharp Medium Anvil Secateurs,£7.45,Garden & Outdoor Sale,https://www.homebase.co.uk/spear-jackson-razorsharp-medium-anvil-secateurs/12810690.html,https://static.thcdn.com/images/xsmall/webp//productimg/original/12810690-1444831885347681.jpg
New Horizon Peat Free All Plant Compost - 50L,£9.00,Garden & Outdoor Sale,https://www.homebase.co.uk/new-horizon-peat-free-all-plant-compost-50l/12886069.html,https://static.thcdn.com/images/xsmall/webp//productimg/original/12886069-5024871078994015.jpg
Shire Large Storage Cupboard Shelves,£170.00,Garden & Outdoor Sale,https://www.homebase.co.uk/shire-large-storage-cupboard-shelves/13082824.html,https://static.thcdn.com/images/xsmall/webp//productimg/original/13082824-4034942583605734.png
Rhs Flowers For Wildlife Cool Mix,£7.00,Garden & Outdoor Sale,https://www.homebase.co.uk/rhs-flowers-for-wildlife-cool-mix/12888758.html,https://static.thcdn.com/images/xsmall/webp//productimg/original/12888758-1424843675228275.jpg
Empathy Mini Meadow Seeds 3 sq.m,£7.00,Garden & Outdoor Sale,https://www.homebase.co.uk/empathy-mini-meadow-seeds-3-sq.m/13478323.html,https://static.thcdn.com/images/xsmall/webp//productimg/original/13478323-4134929068700141.jpg
John Innes Peat Free No.2 Potting-on Compost,£8.00,Garden & Outdoor Sale,https://www.homebase.co.uk/john-innes-peat-free-no.2-potting-on-compost/14013781.html,https://static.thcdn.com/images/xsmall/webp//productimg/original/14013781-5405003754294414.jpg
Kärcher T 5 Racer Patio Cleaner,£69.45,Garden & Outdoor Sale,https://www.homebase.co.uk/karcher-t-5-racer-patio-cleaner/12836025.html,https://static.thcdn.com/images/xsmall/webp//productimg/original/12836025-3664831955689431.jpg
Shire Mid Storage Cupboard with Shelves,£125.00,Garden & Outdoor Sale,https://www.homebase.co.uk/shire-mid-storage-cupboard-with-shelves/13082828.html,https://static.thcdn.com/images/xsmall/webp//productimg/original/13082828-2014862456236167.jpg
John Innes Peat Free No.1 Young Plant Compost,£8.00,Garden & Outdoor Sale,https://www.homebase.co.uk/john-innes-peat-free-no.1-young-plant-compost/14013782.html,https://static.thcdn.com/images/xsmall/webp//productimg/original/14013782-8875003754192060.jpg
Bee and Butterfly Border Collection - 7m x 90cm,£280.00,Garden & Outdoor Sale,https://www.homebase.co.uk/bee-and-butterfly-border-collection-7m-x-90cm/12806825.html,https://static.thcdn.com/images/xsmall/webp//productimg/original/12806825-1674831917768036.jpg
Evergreen Border 3m  x 40cm,£80.00,Garden & Outdoor Sale,https://www.homebase.co.uk/evergreen-border-3m-x-40cm/13096625.html,https://static.thcdn.com/images/xsmall/webp//productimg/original/13096625-2164924177339497.jpg
Bee and Butterfly Border 3m x 40cm,£80.00,Garden & Outdoor Sale,https://www.homebase.co.uk/bee-and-butterfly-border-3m-x-40cm/13096633.html,https://static.thcdn.com/images/xsmall/webp//productimg/original/13096633-1684924177360023.jpg
New Horizon Peat Free All Veg Compost - 50L,£9.00,Garden & Outdoor Sale,https://www.homebase.co.uk/new-horizon-peat-free-all-veg-compost-50l/12823481.html,https://static.thcdn.com/images/xsmall/webp//productimg/original/12823481-7714869971285502.jpg
Shire Tall Wall Log Store - 3x1.5ft,£175.00,Garden & Outdoor Sale,https://www.homebase.co.uk/shire-tall-wall-log-store-3x1.5ft/12887202.html,https://static.thcdn.com/images/xsmall/webp//productimg/original/12887202-4024851593290302.jpg
Westland Gardener's Multi-Purpose Compost,£9.00,Garden & Outdoor Sale,https://www.homebase.co.uk/westland-gardener-s-multi-purpose-compost/13280771.html,https://static.thcdn.com/images/xsmall/webp//productimg/original/13280771-1474954736891751.jpg
Shire 6x4ft Overlap Pent Garden Shed,£510.00,Garden & Outdoor Sale,https://www.homebase.co.uk/shire-6x4ft-overlap-pent-garden-shed/13505229.html,https://static.thcdn.com/images/xsmall/webp//productimg/original/13505229-6434926474528156.jpg
Absco 5 x 5ft Space Saver Metal Pent Shed - Green,£345.00,Garden & Outdoor Sale,https://www.homebase.co.uk/absco-5-x-5ft-space-saver-metal-pent-shed-green/13440835.html,https://static.thcdn.com/images/xsmall/webp//productimg/original/13440835-2694929185857488.jpg
Absco 5 x 5ft Space Saver Metal Pent Shed - Grey,£345.00,Garden & Outdoor Sale,https://www.homebase.co.uk/absco-5-x-5ft-space-saver-metal-pent-shed-grey/13440834.html,https://static.thcdn.com/images/xsmall/webp//productimg/original/13440834-1824929185358987.jpg
Shire Pent Shiplap Bike Store 6x3ft,£320.00,Garden & Outdoor Sale,https://www.homebase.co.uk/shire-pent-shiplap-bike-store-6x3ft/12887181.html,https://static.thcdn.com/images/xsmall/webp//productimg/original/12887181-8474849862310372.jpg
Shire Shed Overlap 6x3 Pent,£420.00,Garden & Outdoor Sale,https://www.homebase.co.uk/shire-shed-overlap-6x3-pent/13082814.html,https://static.thcdn.com/images/xsmall/webp//productimg/original/13082814-1024862497546209.jpg
Powerbase 46cm 475isi Self Propelled Petrol Lawn Mower,£279.00,Garden & Outdoor Sale,https://www.homebase.co.uk/powerbase-46cm-475isi-self-propelled-petrol-lawn-mower/12940526.html,https://static.thcdn.com/images/xsmall/webp//productimg/original/12940526-4274857428524773.jpg
Tomorite® Peat Free Organic Planter,£8.00,Garden & Outdoor Sale,https://www.homebase.co.uk/tomorite-peat-free-organic-planter/13308211.html,https://static.thcdn.com/images/xsmall/webp//productimg/original/13308211-2054922626199598.jpg
Mediterranean Border Collection - 4m x 60cm,£152.00,Garden & Outdoor Sale,https://www.homebase.co.uk/mediterranean-border-collection-4m-x-60cm/12811459.html,https://static.thcdn.com/images/xsmall/webp//productimg/original/12811459-1944831952089197.jpg
Sunny Border Collection - 3m x 90cm,£136.00,Garden & Outdoor Sale,https://www.homebase.co.uk/sunny-border-collection-3m-x-90cm/12811320.html,https://static.thcdn.com/images/xsmall/webp//productimg/original/12811320-9554831969059675.jpg
Toomax Stora Way Plus XL 1270L Garden Storage Box - Anthracite,£145.00,Shed & Outdoor Building Deals,https://www.homebase.co.uk/toomax-stora-way-plus-xl-1270l-garden-storage-box-anthracite/13456931.html,https://static.thcdn.com/images/xsmall/webp//productimg/original/13456931-1524912725718926.jpg
Shire Large Storage Cupboard Shelves,£170.00,Shed & Outdoor Building Deals,https://www.homebase.co.uk/shire-large-storage-cupboard-shelves/13082824.html,https://static.thcdn.com/images/xsmall/webp//productimg/original/13082824-4034942583605734.png
Shire Mid Storage Cupboard with Shelves,£125.00,Shed & Outdoor Building Deals,https://www.homebase.co.uk/shire-mid-storage-cupboard-with-shelves/13082828.html,https://static.thcdn.com/images/xsmall/webp//productimg/original/13082828-2014862456236167.jpg
Shire Tall Wall Log Store - 3x1.5ft,£175.00,Shed & Outdoor Building Deals,https://www.homebase.co.uk/shire-tall-wall-log-store-3x1.5ft/12887202.html,https://static.thcdn.com/images/xsmall/webp//productimg/original/12887202-4024851593290302.jpg
Shire 6x4ft Overlap Pent Garden Shed,£510.00,Shed & Outdoor Building Deals,https://www.homebase.co.uk/shire-6x4ft-overlap-pent-garden-shed/13505229.html,https://static.thcdn.com/images/xsmall/webp//productimg/original/13505229-6434926474528156.jpg
Absco 5 x 5ft Space Saver Metal Pent Shed - Grey,£345.00,Shed & Outdoor Building Deals,https://www.homebase.co.uk/absco-5-x-5ft-space-saver-metal-pent-shed-grey/13440834.html,https://static.thcdn.com/images/xsmall/webp//productimg/original/13440834-1824929185358987.jpg
Absco 5 x 5ft Space Saver Metal Pent Shed - Green,£345.00,Shed & Outdoor Building Deals,https://www.homebase.co.uk/absco-5-x-5ft-space-saver-metal-pent-shed-green/13440835.html,https://static.thcdn.com/images/xsmall/webp//productimg/original/13440835-2694929185857488.jpg
Absco 7.5 x 10ft Premier Reverse Apex - Zinc,£510.00,Shed & Outdoor Building Deals,https://www.homebase.co.uk/absco-7.5-x-10ft-premier-reverse-apex-zinc/13440853.html,https://static.thcdn.com/images/xsmall/webp//productimg/original/13440853-2294929164119227.jpg
Shire 7 x 7ft Buckingham Double Door Summerhouse,"£1,370.00",Shed & Outdoor Building Deals,https://www.homebase.co.uk/shire-7-x-7ft-buckingham-double-door-summerhouse/13505333.html,https://static.thcdn.com/images/xsmall/webp//productimg/original/13505333-1884931994972063.jpg
Shire Pent Shiplap Bike Store 6x3ft,£320.00,Shed & Outdoor Building Deals,https://www.homebase.co.uk/shire-pent-shiplap-bike-store-6x3ft/12887181.html,https://static.thcdn.com/images/xsmall/webp//productimg/original/12887181-8474849862310372.jpg
Shire Shed Overlap 6x3 Pent,£420.00,Shed & Outdoor Building Deals,https://www.homebase.co.uk/shire-shed-overlap-6x3-pent/13082814.html,https://static.thcdn.com/images/xsmall/webp//productimg/original/13082814-1024862497546209.jpg
Shire 8x6ft Pressure Treated Garden Shed,£685.00,Shed & Outdoor Building Deals,https://www.homebase.co.uk/shire-8x6ft-pressure-treated-garden-shed/13505240.html,https://static.thcdn.com/images/xsmall/webp//productimg/original/13505240-2084926469883808.jpg
Shire Sawn Timber Garden Storage Log Box 4x2,£155.00,Shed & Outdoor Building Deals,https://www.homebase.co.uk/shire-sawn-timber-garden-storage-log-box-4x2/13505350.html,https://static.thcdn.com/images/xsmall/webp//productimg/original/13505350-1684931992665786.jpg
Shire 6 x 6ft Sun Pent shed,£985.00,Shed & Outdoor Building Deals,https://www.homebase.co.uk/shire-6-x-6ft-sun-pent-shed/13505277.html,https://static.thcdn.com/images/xsmall/webp//productimg/original/13505277-9114931991715791.jpg
Shire 12 x 8ft Lewis Garden Shed - Including Installation,"£2,105.00",Shed & Outdoor Building Deals,https://www.homebase.co.uk/shire-12-x-8ft-lewis-garden-shed-including-installation/13505257.html,https://static.thcdn.com/images/xsmall/webp//productimg/original/13505257-3334926478865916.jpg
Shire 10 x 8ft Lewis Garden Shed - Including Installation,"£1,830.00",Shed & Outdoor Building Deals,https://www.homebase.co.uk/shire-10-x-8ft-lewis-garden-shed-including-installation/13505259.html,https://static.thcdn.com/images/xsmall/webp//productimg/original/13505259-1504926476805375.jpg
Shire 7 x 7ft Buckingham Double Door Summerhouse - Including Installation,"£1,975.00",Shed & Outdoor Building Deals,https://www.homebase.co.uk/shire-7-x-7ft-buckingham-double-door-summerhouse-including-installation/13505327.html,https://static.thcdn.com/images/xsmall/webp//productimg/original/13505327-8824931991719058.jpg
Shire 10 x 10ft Double Door Overlap Garden Shed,"£1,460.00",Shed & Outdoor Building Deals,https://www.homebase.co.uk/shire-10-x-10ft-double-door-overlap-garden-shed/13505230.html,https://static.thcdn.com/images/xsmall/webp//productimg/original/13505230-1134926473461644.jpg
Shire 7 x 7ft Houghton Summerhouse - Including Installation,"£1,615.00",Shed & Outdoor Building Deals,https://www.homebase.co.uk/shire-7-x-7ft-houghton-summerhouse-including-installation/13505292.html,https://static.thcdn.com/images/xsmall/webp//productimg/original/13505292-4654931991724461.jpg
Shire 10 x 6ft Sun Pent Shed - Including Installation,"£1,805.00",Shed & Outdoor Building Deals,https://www.homebase.co.uk/shire-10-x-6ft-sun-pent-shed-including-installation/13505281.html,https://static.thcdn.com/images/xsmall/webp//productimg/original/13505281-1014933734676329.jpg
Shire 7 x 13ft Jersey Double Door Garden Shed - Including Installation,"£2,615.00",Shed & Outdoor Building Deals,https://www.homebase.co.uk/shire-7-x-13ft-jersey-double-door-garden-shed-including-installation/13505244.html,https://static.thcdn.com/images/xsmall/webp//productimg/original/13505244-3324926469927062.jpg
Shire 4x3ft Overlap Double Door Garden Tool Shed with Shelves,£375.00,Shed & Outdoor Building Deals,https://www.homebase.co.uk/shire-4x3ft-overlap-double-door-garden-tool-shed-with-shelves/13505226.html,https://static.thcdn.com/images/xsmall/webp//productimg/original/13505226-1834926473661825.jpg
Shire 7 x 7ft Parham Double Door Summerhouse,"£1,220.00",Shed & Outdoor Building Deals,https://www.homebase.co.uk/shire-7-x-7ft-parham-double-door-summerhouse/13505296.html,https://static.thcdn.com/images/xsmall/webp//productimg/original/13505296-4354931991837768.jpg
Shire 7 x 13ft Jersey Double Door Garden Shed,"£1,690.00",Shed & Outdoor Building Deals,https://www.homebase.co.uk/shire-7-x-13ft-jersey-double-door-garden-shed/13505249.html,https://static.thcdn.com/images/xsmall/webp//productimg/original/13505249-3234926469896936.jpg
Shire 10 x 8ft Lewis Garden Shed,"£1,315.00",Shed & Outdoor Building Deals,https://www.homebase.co.uk/shire-10-x-8ft-lewis-garden-shed/13505267.html,https://static.thcdn.com/images/xsmall/webp//productimg/original/13505267-1064926479022870.jpg
Shire 7 x 10ft Guernsey Double Door Garden Shed,"£1,345.00",Shed & Outdoor Building Deals,https://www.homebase.co.uk/shire-7-x-10ft-guernsey-double-door-garden-shed/13505246.html,https://static.thcdn.com/images/xsmall/webp//productimg/original/13505246-1334926488164650.jpg
Shire 8 x 6ft Sun Pent Shed,"£1,105.00",Shed & Outdoor Building Deals,https://www.homebase.co.uk/shire-8-x-6ft-sun-pent-shed/13505284.html,https://static.thcdn.com/images/xsmall/webp//productimg/original/13505284-1234931992976016.jpg
Shire 7xft7 Alnwick Summerhouse - Including Installation,"£1,550.00",Shed & Outdoor Building Deals,https://www.homebase.co.uk/shire-7xft7-alnwick-summerhouse-including-installation/13505293.html,https://static.thcdn.com/images/xsmall/webp//productimg/original/13505293-1344965684373167.jpg
Shire 12 x 18ft Mammoth Double Door Garden Shed - Including Installation,"£7,135.00",Shed & Outdoor Building Deals,https://www.homebase.co.uk/shire-12-x-18ft-mammoth-double-door-garden-shed-including-installation/13505275.html,https://static.thcdn.com/images/xsmall/webp//productimg/original/13505275-1794931993067435.jpg
Shire Barn Style Shed - 7 x 7ft,"£1,015.00",Shed & Outdoor Building Deals,https://www.homebase.co.uk/shire-barn-style-shed-7-x-7ft/12886994.html,https://static.thcdn.com/images/xsmall/webp//productimg/original/12886994-2824849861224852.jpg
Shire Hampton Summerhouse - 7 x 7ft,"£1,200.00",Shed & Outdoor Building Deals,https://www.homebase.co.uk/shire-hampton-summerhouse-7-x-7ft/12887159.html,https://static.thcdn.com/images/xsmall/webp//productimg/original/12887159-2124859122877007.jpg
Shire Hampton Summerhouse - 8 x 8ft,"£1,550.00",Shed & Outdoor Building Deals,https://www.homebase.co.uk/shire-hampton-summerhouse-8-x-8ft/12887163.html,https://static.thcdn.com/images/xsmall/webp//productimg/original/12887163-1164851542479881.jpg
Shire Avance Summerhouse - 7x5ft,£750.00,Shed & Outdoor Building Deals,https://www.homebase.co.uk/shire-avance-summerhouse-7x5ft/12886996.html,https://static.thcdn.com/images/xsmall/webp//productimg/original/12886996-2864843286156316.jpg
Shire Haddon Summerhouse (incl. installation) - 7 x 5ft,"£1,365.00",Shed & Outdoor Building Deals,https://www.homebase.co.uk/shire-haddon-summerhouse-incl.-installation-7-x-5ft/12887381.html,https://static.thcdn.com/images/xsmall/webp//productimg/original/12887381-1534849863523281.jpg
Shire Avance Summerhouse (incl. installation) -  7x5ft,"£1,360.00",Shed & Outdoor Building Deals,https://www.homebase.co.uk/shire-avance-summerhouse-incl.-installation-7x5ft/12887380.html,https://static.thcdn.com/images/xsmall/webp//productimg/original/12887380-1454849863177966.jpg
Shire 6x6ft Arran Garden Shed,£875.00,Shed & Outdoor Building Deals,https://www.homebase.co.uk/shire-6x6ft-arran-garden-shed/13508657.html,https://static.thcdn.com/images/xsmall/webp//productimg/original/13508657-1044926480167193.jpg
Shire 13 x 7ft Westminster Summerhouse - Including Installation,"£2,795.00",Shed & Outdoor Building Deals,https://www.homebase.co.uk/shire-13-x-7ft-westminster-summerhouse-including-installation/13505301.html,https://static.thcdn.com/images/xsmall/webp//productimg/original/13505301-1284933733336073.jpg
Shire 10 x 10ft Highclere Double Door Summerhouse,"£2,470.00",Shed & Outdoor Building Deals,https://www.homebase.co.uk/shire-10-x-10ft-highclere-double-door-summerhouse/13505320.html,https://static.thcdn.com/images/xsmall/webp//productimg/original/13505320-4114933733375385.jpg
Shire 12 x 30ft Mammoth Double Door Garden Shed - Including Installation,"£10,725.00",Shed & Outdoor Building Deals,https://www.homebase.co.uk/shire-12-x-30ft-mammoth-double-door-garden-shed-including-installation/13505276.html,https://static.thcdn.com/images/xsmall/webp//productimg/original/13505276-5674931993336226.jpg
Shire 7 x 5ft Lewis Garden Shed,£810.00,Shed & Outdoor Building Deals,https://www.homebase.co.uk/shire-7-x-5ft-lewis-garden-shed/13505258.html,https://static.thcdn.com/images/xsmall/webp//productimg/original/13505258-3264926483398019.jpg
Shire 6 x 6ft Gazebo Summerhouse,"£1,100.00",Shed & Outdoor Building Deals,https://www.homebase.co.uk/shire-6-x-6ft-gazebo-summerhouse/13505312.html,https://static.thcdn.com/images/xsmall/webp//productimg/original/13505312-4214931993262399.jpg
Shire 10 x 15ft Garden Workshop,"£2,825.00",Shed & Outdoor Building Deals,https://www.homebase.co.uk/shire-10-x-15ft-garden-workshop/13505263.html,https://static.thcdn.com/images/xsmall/webp//productimg/original/13505263-1094931993611515.jpg
Shire 10 x 6ft Lewis Garden Shed - Including Installation,"£1,640.00",Shed & Outdoor Building Deals,https://www.homebase.co.uk/shire-10-x-6ft-lewis-garden-shed-including-installation/13505266.html,https://static.thcdn.com/images/xsmall/webp//productimg/original/13505266-1624926479606661.jpg
Shire 10 x 8ft Highclere Double Door Summerhouse,"£2,190.00",Shed & Outdoor Building Deals,https://www.homebase.co.uk/shire-10-x-8ft-highclere-double-door-summerhouse/13505313.html,https://static.thcdn.com/images/xsmall/webp//productimg/original/13505313-1734933734108663.jpg
Shire 6 x 6ft Gazebo Summerhouse - Including Installation,"£1,710.00",Shed & Outdoor Building Deals,https://www.homebase.co.uk/shire-6-x-6ft-gazebo-summerhouse-including-installation/13505304.html,https://static.thcdn.com/images/xsmall/webp//productimg/original/13505304-1794931991838281.jpg
Shire 6 x 6ft Oatland Double Door Summerhouse,£790.00,Shed & Outdoor Building Deals,https://www.homebase.co.uk/shire-6-x-6ft-oatland-double-door-summerhouse/13505283.html,https://static.thcdn.com/images/xsmall/webp//productimg/original/13505283-1984931992173654.jpg
Shire 10 x 10ft Barclay Summerhouse - Including Installation,"£3,375.00",Shed & Outdoor Building Deals,https://www.homebase.co.uk/shire-10-x-10ft-barclay-summerhouse-including-installation/13505308.html,https://static.thcdn.com/images/xsmall/webp//productimg/original/13505308-9924931992330476.jpg
Shire 12 x 12ft Mammoth Double Door Garden Shed,"£4,345.00",Shed & Outdoor Building Deals,https://www.homebase.co.uk/shire-12-x-12ft-mammoth-double-door-garden-shed/13505270.html,https://static.thcdn.com/images/xsmall/webp//productimg/original/13505270-5044931992328436.jpg
Shire 7 x 3ft Shiplap Double Door Bike Storage,£585.00,Shed & Outdoor Building Deals,https://www.homebase.co.uk/shire-7-x-3ft-shiplap-double-door-bike-storage/13505353.html,https://static.thcdn.com/images/xsmall/webp//productimg/original/13505353-1864931992456833.jpg
Shire 7x7ft Casita Garden Shed,"£1,240.00",Shed & Outdoor Building Deals,https://www.homebase.co.uk/shire-7x7ft-casita-garden-shed/13505245.html,https://static.thcdn.com/images/xsmall/webp//productimg/original/13505245-1804926473669493.jpg
Shire 8x6ft Pressure Treated Overlap Garden Shed,£670.00,Shed & Outdoor Building Deals,https://www.homebase.co.uk/shire-8x6ft-pressure-treated-overlap-garden-shed/13505242.html,https://static.thcdn.com/images/xsmall/webp//productimg/original/13505242-3494933733316426.jpg
Shire 7 x 7ft Barclay Summerhouse - Including Installation,"£1,945.00",Shed & Outdoor Building Deals,https://www.homebase.co.uk/shire-7-x-7ft-barclay-summerhouse-including-installation/13505305.html,https://static.thcdn.com/images/xsmall/webp//productimg/original/13505305-1904931992543164.jpg
Shire 10 x 6ft Sandringham Double Door Summerhouse - Including Installation,"£2,685.00",Shed & Outdoor Building Deals,https://www.homebase.co.uk/shire-10-x-6ft-sandringham-double-door-summerhouse-including-installation/13505317.html,https://static.thcdn.com/images/xsmall/webp//productimg/original/13505317-7714932955429470.jpg
Shire 13 x 7ft Westminster Summerhouse,"£2,090.00",Shed & Outdoor Building Deals,https://www.homebase.co.uk/shire-13-x-7ft-westminster-summerhouse/13505298.html,https://static.thcdn.com/images/xsmall/webp//productimg/original/13505298-7574933733364873.jpg
Shire 10 x 10ft Sun Pent Shed - Including Installation,"£2,380.00",Shed & Outdoor Building Deals,https://www.homebase.co.uk/shire-10-x-10ft-sun-pent-shed-including-installation/13505295.html,https://static.thcdn.com/images/xsmall/webp//productimg/original/13505295-8784933733457036.jpg
Shire 10 x 8ft Highclere Double Door Summerhouse,"£2,950.00",Shed & Outdoor Building Deals,https://www.homebase.co.uk/shire-10-x-8ft-highclere-double-door-summerhouse/13505314.html,https://static.thcdn.com/images/xsmall/webp//productimg/original/13505314-4824933733837385.jpg
Shire 10 x 20ft Double Door Overlap Garden Shed,"£2,630.00",Shed & Outdoor Building Deals,https://www.homebase.co.uk/shire-10-x-20ft-double-door-overlap-garden-shed/13505236.html,https://static.thcdn.com/images/xsmall/webp//productimg/original/13505236-1954926487664313.jpg
Shire 6 x 4ft Lewis Garden Shed - Including Installation,"£1,020.00",Shed & Outdoor Building Deals,https://www.homebase.co.uk/shire-6-x-4ft-lewis-garden-shed-including-installation/13505253.html,https://static.thcdn.com/images/xsmall/webp//productimg/original/13505253-1044926474056028.jpg
Shire 4 x 6ft Lewis Garden Shed - Including Installation,"£1,020.00",Shed & Outdoor Building Deals,https://www.homebase.co.uk/shire-4-x-6ft-lewis-garden-shed-including-installation/13505252.html,https://static.thcdn.com/images/xsmall/webp//productimg/original/13505252-1084933763502123.jpg
Shire 6 x 6ft Multi Store Garden Shed,"£1,375.00",Shed & Outdoor Building Deals,https://www.homebase.co.uk/shire-6-x-6ft-multi-store-garden-shed/13505250.html,https://static.thcdn.com/images/xsmall/webp//productimg/original/13505250-7604933733932194.jpg
